Date,Season,HomeTeam,AwayTeam,FT Result,HTH Goals,HTA Goals,HT Result,Referee,H Shots,A Shots,H SOT,A SOT,H Fouls,A Fouls,H Corners,A Corners,H Yellow,A Yellow,H Red,A Red,Display_Order,League
2025-01-16,2024/25,Ipswich Town,Brighton & Hove Albion,A,0.0,1.0,A,T Harrington,5.0,11.0,3.0,5.0,13.0,14.0,1.0,9.0,2.0,2.0,0.0,0.0,20250116.0,Premier League
2025-01-16,2024/25,Man United,Southampton,H,0.0,1.0,A,J Brooks,23.0,13.0,9.0,5.0,7.0,10.0,4.0,4.0,1.0,3.0,0.0,0.0,20250116.0,Premier League
2025-01-15,2024/25,Everton,Aston Villa,A,0.0,0.0,D,S Barrott,10.0,11.0,3.0,3.0,17.0,10.0,8.0,5.0,2.0,1.0,0.0,0.0,20250115.0,Premier League
2025-01-15,2024/25,Leicester,Crystal Palace,A,0.0,0.0,D,A Madley,21.0,9.0,4.0,4.0,7.0,6.0,4.0,3.0,0.0,0.0,0.0,0.0,20250115.0,Premier League
2025-01-15,2024/25,Newcastle,Wolves,H,1.0,0.0,H,D England,17.0,13.0,5.0,7.0,10.0,13.0,4.0,2.0,0.0,2.0,0.0,0.0,20250115.0,Premier League
2025-01-15,2024/25,Arsenal,Tottenham,H,2.0,1.0,H,S Hooper,14.0,10.0,4.0,2.0,16.0,9.0,10.0,4.0,3.0,1.0,0.0,0.0,20250115.0,Premier League
2025-01-14,2024/25,Brentford,Man City,D,0.0,0.0,D,A Taylor,18.0,21.0,6.0,8.0,4.0,4.0,4.0,5.0,0.0,0.0,0.0,0.0,20250114.0,Premier League
2025-01-14,2024/25,Chelsea,Bournemouth,D,1.0,0.0,H,R Jones,26.0,7.0,10.0,3.0,15.0,16.0,9.0,3.0,2.0,3.0,0.0,0.0,20250114.0,Premier League
2025-01-14,2024/25,West Ham,Fulham,H,2.0,0.0,H,C Pawson,4.0,21.0,3.0,5.0,9.0,18.0,0.0,3.0,3.0,3.0,0.0,0.0,20250114.0,Premier League
2025-01-14,2024/25,Nott'm Forest,Liverpool,D,1.0,0.0,H,C Kavanagh,6.0,23.0,3.0,7.0,7.0,10.0,0.0,9.0,2.0,1.0,0.0,0.0,20250114.0,Premier League
2025-01-06,2024/25,Wolves,Nott'm Forest,A,0.0,2.0,A,P Bankes,13.0,11.0,6.0,3.0,10.0,8.0,5.0,3.0,1.0,2.0,0.0,0.0,20250106.0,Premier League
2025-01-05,2024/25,Fulham,Ipswich,D,0.0,1.0,A,D Bond,15.0,7.0,4.0,3.0,10.0,14.0,9.0,2.0,1.0,5.0,0.0,0.0,20250105.0,Premier League
2025-01-05,2024/25,Liverpool,Man United,D,0.0,0.0,D,M Oliver,19.0,13.0,6.0,4.0,10.0,13.0,6.0,9.0,2.0,4.0,0.0,0.0,20250105.0,Premier League
2025-01-04,2024/25,Tottenham,Newcastle,A,1.0,2.0,A,A Madley,13.0,14.0,4.0,4.0,11.0,15.0,9.0,10.0,1.0,4.0,0.0,0.0,20250104.0,Premier League
2025-01-04,2024/25,Aston Villa,Leicester,H,0.0,0.0,D,J Gillett,13.0,4.0,5.0,2.0,10.0,11.0,7.0,2.0,0.0,1.0,0.0,0.0,20250104.0,Premier League
2025-01-04,2024/25,Bournemouth,Everton,H,0.0,0.0,D,J Brooks,19.0,9.0,8.0,0.0,15.0,14.0,9.0,3.0,2.0,2.0,0.0,0.0,20250104.0,Premier League
2025-01-04,2024/25,Crystal Palace,Chelsea,D,0.0,1.0,A,T Robinson,13.0,15.0,6.0,1.0,9.0,12.0,6.0,6.0,0.0,2.0,0.0,0.0,20250104.0,Premier League
2025-01-04,2024/25,Man City,West Ham,H,2.0,0.0,H,M Salisbury,10.0,17.0,7.0,4.0,8.0,13.0,7.0,1.0,2.0,1.0,0.0,0.0,20250104.0,Premier League
2025-01-04,2024/25,Southampton,Brentford,A,0.0,1.0,A,S Attwell,8.0,20.0,1.0,11.0,10.0,4.0,2.0,2.0,2.0,0.0,0.0,0.0,20250104.0,Premier League
2025-01-04,2024/25,Brighton,Arsenal,D,0.0,1.0,A,A Taylor,11.0,9.0,4.0,3.0,17.0,14.0,2.0,5.0,2.0,3.0,0.0,0.0,20250104.0,Premier League
2025-01-01,2024/25,Brentford,Arsenal,A,1.0,1.0,D,P Bankes,5.0,14.0,2.0,5.0,6.0,8.0,4.0,3.0,1.0,2.0,0.0,0.0,20250101.0,Premier League
2024-12-30,2024/25,Aston Villa,Brighton,D,1.0,1.0,D,C Pawson,20.0,13.0,4.0,4.0,9.0,14.0,12.0,3.0,2.0,3.0,0.0,0.0,20241230.0,Premier League
2024-12-30,2024/25,Ipswich,Chelsea,H,1.0,0.0,H,J Brooks,9.0,20.0,6.0,5.0,9.0,5.0,4.0,7.0,4.0,4.0,0.0,0.0,20241230.0,Premier League
2024-12-30,2024/25,Man United,Newcastle,A,0.0,2.0,A,S Hooper,10.0,12.0,0.0,4.0,13.0,8.0,2.0,3.0,1.0,1.0,0.0,0.0,20241230.0,Premier League
2024-12-29,2024/25,Leicester,Man City,A,0.0,1.0,A,M Oliver,11.0,14.0,4.0,5.0,11.0,6.0,4.0,4.0,2.0,1.0,0.0,0.0,20241229.0,Premier League
2024-12-29,2024/25,Crystal Palace,Southampton,H,1.0,1.0,D,M Salisbury,19.0,7.0,10.0,3.0,18.0,19.0,8.0,7.0,2.0,3.0,0.0,0.0,20241229.0,Premier League
2024-12-29,2024/25,Everton,Nott'm Forest,A,0.0,1.0,A,T Harrington,13.0,11.0,2.0,7.0,13.0,10.0,5.0,4.0,4.0,1.0,0.0,0.0,20241229.0,Premier League
2024-12-29,2024/25,Fulham,Bournemouth,D,1.0,0.0,H,R Jones,11.0,16.0,6.0,9.0,7.0,16.0,1.0,7.0,1.0,3.0,0.0,0.0,20241229.0,Premier League
2024-12-29,2024/25,Tottenham,Wolves,D,2.0,1.0,H,C Kavanagh,13.0,11.0,3.0,3.0,9.0,10.0,5.0,5.0,1.0,2.0,0.0,0.0,20241229.0,Premier League
2024-12-29,2024/25,West Ham,Liverpool,A,0.0,3.0,A,A Taylor,7.0,22.0,0.0,13.0,7.0,10.0,3.0,6.0,0.0,0.0,0.0,0.0,20241229.0,Premier League
2024-12-27,2024/25,Brighton & Hove Albion,Brentford,D,0.0,0.0,D,Andy Madley,24.0,8.0,7.0,3.0,6.0,12.0,5.0,3.0,0.0,2.0,0.0,0.0,20241227.0,Premier League
2024-12-27,2024/25,Arsenal,Ipswich Town,H,1.0,0.0,H,Darren England,13.0,3.0,5.0,0.0,7.0,12.0,5.0,1.0,1.0,1.0,0.0,0.0,20241227.0,Premier League
2024-12-26,2024/25,Man City,Everton,D,1.0,1.0,D,S Hooper,24.0,8.0,5.0,3.0,5.0,10.0,8.0,5.0,1.0,4.0,0.0,0.0,20241226.0,Premier League
2024-12-26,2024/25,Bournemouth,Crystal Palace,D,0.0,0.0,D,T Bramall,18.0,10.0,4.0,4.0,13.0,12.0,5.0,2.0,2.0,2.0,0.0,0.0,20241226.0,Premier League
2024-12-26,2024/25,Chelsea,Fulham,A,1.0,0.0,H,S Barrott,12.0,14.0,8.0,7.0,13.0,13.0,3.0,1.0,1.0,3.0,0.0,0.0,20241226.0,Premier League
2024-12-26,2024/25,Newcastle,Aston Villa,H,1.0,0.0,H,A Taylor,22.0,4.0,8.0,1.0,15.0,10.0,9.0,6.0,2.0,1.0,0.0,1.0,20241226.0,Premier League
2024-12-26,2024/25,Nott'm Forest,Tottenham,H,1.0,0.0,H,C Pawson,10.0,13.0,3.0,4.0,12.0,13.0,2.0,7.0,3.0,2.0,0.0,1.0,20241226.0,Premier League
2024-12-26,2024/25,Southampton,West Ham,A,0.0,0.0,D,L Smith,18.0,16.0,5.0,2.0,15.0,8.0,2.0,2.0,1.0,2.0,0.0,0.0,20241226.0,Premier League
2024-12-26,2024/25,Wolves,Man United,H,0.0,0.0,D,T Harrington,7.0,11.0,4.0,4.0,12.0,12.0,4.0,4.0,2.0,2.0,0.0,1.0,20241226.0,Premier League
2024-12-26,2024/25,Liverpool,Leicester,H,1.0,1.0,D,D Bond,19.0,4.0,7.0,1.0,17.0,5.0,14.0,1.0,3.0,2.0,0.0,0.0,20241226.0,Premier League
2024-12-22,2024/25,Everton,Chelsea,D,0.0,0.0,D,C Kavanagh,5.0,12.0,4.0,5.0,20.0,12.0,2.0,5.0,4.0,1.0,0.0,0.0,20241222.0,Premier League
2024-12-22,2024/25,Fulham,Southampton,D,0.0,0.0,D,T Robinson,16.0,5.0,5.0,1.0,8.0,15.0,6.0,5.0,1.0,3.0,0.0,0.0,20241222.0,Premier League
2024-12-22,2024/25,Leicester,Wolves,A,0.0,3.0,A,A Taylor,9.0,8.0,5.0,4.0,15.0,16.0,6.0,1.0,2.0,0.0,0.0,0.0,20241222.0,Premier League
2024-12-22,2024/25,Man United,Bournemouth,A,0.0,1.0,A,C Pawson,23.0,10.0,7.0,5.0,11.0,11.0,13.0,1.0,1.0,3.0,0.0,0.0,20241222.0,Premier League
2024-12-22,2024/25,Tottenham,Liverpool,A,1.0,3.0,A,S Barrott,9.0,24.0,5.0,12.0,7.0,9.0,7.0,5.0,1.0,2.0,0.0,0.0,20241222.0,Premier League
2024-12-21,2024/25,Aston Villa,Man City,H,1.0,0.0,H,P Bankes,11.0,12.0,6.0,6.0,14.0,7.0,5.0,4.0,3.0,3.0,0.0,0.0,20241221.0,Premier League
2024-12-21,2024/25,Brentford,Nott'm Forest,A,0.0,1.0,A,M Oliver,7.0,10.0,3.0,6.0,9.0,14.0,9.0,5.0,3.0,4.0,0.0,0.0,20241221.0,Premier League
2024-12-21,2024/25,Ipswich,Newcastle,A,0.0,3.0,A,S Attwell,10.0,15.0,2.0,7.0,9.0,7.0,2.0,1.0,2.0,0.0,0.0,0.0,20241221.0,Premier League
2024-12-21,2024/25,West Ham,Brighton,D,0.0,0.0,D,R Jones,11.0,12.0,4.0,6.0,14.0,20.0,8.0,4.0,2.0,2.0,0.0,0.0,20241221.0,Premier League
2024-12-21,2024/25,Crystal Palace,Arsenal,A,1.0,3.0,A,S Hooper,15.0,14.0,6.0,6.0,9.0,8.0,3.0,3.0,2.0,2.0,0.0,0.0,20241221.0,Premier League
2024-12-16,2024/25,Bournemouth,West Ham,D,0.0,0.0,D,C Kavanagh,29.0,16.0,9.0,3.0,6.0,11.0,12.0,6.0,0.0,2.0,0.0,0.0,20241216.0,Premier League
2024-12-15,2024/25,Chelsea,Brentford,H,1.0,0.0,H,P Bankes,26.0,9.0,8.0,4.0,11.0,7.0,8.0,5.0,0.0,2.0,1.0,0.0,20241215.0,Premier League
2024-12-15,2024/25,Brighton,Crystal Palace,A,0.0,2.0,A,M Oliver,17.0,13.0,5.0,5.0,11.0,15.0,8.0,5.0,1.0,4.0,0.0,0.0,20241215.0,Premier League
2024-12-15,2024/25,Man City,Man United,A,1.0,0.0,H,A Taylor,10.0,10.0,3.0,3.0,5.0,14.0,8.0,2.0,1.0,1.0,0.0,0.0,20241215.0,Premier League
2024-12-15,2024/25,Southampton,Tottenham,A,0.0,5.0,A,D England,9.0,18.0,3.0,9.0,8.0,15.0,2.0,5.0,1.0,3.0,0.0,0.0,20241215.0,Premier League
2024-12-14,2024/25,Arsenal,Everton,D,0.0,0.0,D,C Pawson,13.0,2.0,5.0,0.0,6.0,9.0,8.0,2.0,0.0,3.0,0.0,0.0,20241214.0,Premier League
2024-12-14,2024/25,Nott'm Forest,Aston Villa,H,0.0,0.0,D,S Barrott,17.0,8.0,6.0,2.0,12.0,6.0,4.0,3.0,0.0,1.0,0.0,0.0,20241214.0,Premier League
2024-12-14,2024/25,Newcastle,Leicester,H,1.0,0.0,H,T Bramall,27.0,4.0,11.0,1.0,7.0,16.0,5.0,2.0,3.0,3.0,0.0,0.0,20241214.0,Premier League
2024-12-14,2024/25,Liverpool,Fulham,D,0.0,1.0,A,T Harrington,16.0,12.0,4.0,3.0,10.0,7.0,5.0,4.0,3.0,4.0,1.0,0.0,20241214.0,Premier League
2024-12-14,2024/25,Wolves,Ipswich,A,0.0,1.0,A,S Hooper,16.0,10.0,6.0,5.0,13.0,9.0,7.0,3.0,0.0,2.0,1.0,0.0,20241214.0,Premier League
2024-12-09,2024/25,West Ham,Wolves,H,0.0,0.0,D,J Brooks,19.0,19.0,4.0,5.0,12.0,17.0,11.0,0.0,5.0,4.0,0.0,0.0,20241209.0,Premier League
2024-12-08,2024/25,Fulham,Arsenal,D,1.0,0.0,H,C Kavanagh,2.0,12.0,2.0,4.0,10.0,9.0,0.0,6.0,4.0,2.0,0.0,0.0,20241208.0,Premier League
2024-12-08,2024/25,Leicester,Brighton,D,0.0,1.0,A,S Attwell,10.0,16.0,3.0,7.0,9.0,10.0,5.0,5.0,1.0,2.0,0.0,0.0,20241208.0,Premier League
2024-12-08,2024/25,Ipswich,Bournemouth,A,1.0,0.0,H,M Salisbury,18.0,22.0,5.0,6.0,9.0,13.0,6.0,13.0,2.0,1.0,0.0,0.0,20241208.0,Premier League
2024-12-08,2024/25,Tottenham,Chelsea,A,2.0,1.0,H,A Taylor,13.0,17.0,5.0,8.0,17.0,11.0,5.0,10.0,2.0,2.0,0.0,0.0,20241208.0,Premier League
2024-12-07,2024/25,Man United,Nott'm Forest,A,1.0,1.0,D,D England,17.0,11.0,7.0,3.0,10.0,13.0,5.0,3.0,0.0,2.0,0.0,0.0,20241207.0,Premier League
2024-12-07,2024/25,Crystal Palace,Man City,D,1.0,1.0,D,R Jones,12.0,12.0,3.0,4.0,4.0,10.0,6.0,8.0,1.0,0.0,0.0,1.0,20241207.0,Premier League
2024-12-07,2024/25,Aston Villa,Southampton,H,1.0,0.0,H,D Bond,18.0,4.0,5.0,0.0,18.0,15.0,14.0,1.0,1.0,3.0,0.0,0.0,20241207.0,Premier League
2024-12-07,2024/25,Brentford,Newcastle,H,2.0,2.0,D,T Robinson,11.0,16.0,8.0,3.0,10.0,7.0,3.0,4.0,3.0,0.0,0.0,0.0,20241207.0,Premier League
2024-12-05,2024/25,Bournemouth,Tottenham,H,1.0,0.0,H,S Hooper,21.0,12.0,8.0,4.0,15.0,8.0,5.0,9.0,2.0,2.0,0.0,0.0,20241205.0,Premier League
2024-12-05,2024/25,Fulham,Brighton,H,1.0,0.0,H,P Bankes,6.0,13.0,2.0,3.0,7.0,8.0,5.0,6.0,2.0,2.0,0.0,0.0,20241205.0,Premier League
2024-12-04,2024/25,Man City,Nott'm Forest,H,2.0,0.0,H,M Oliver,17.0,12.0,7.0,3.0,7.0,15.0,8.0,2.0,2.0,4.0,0.0,0.0,20241204.0,Premier League
2024-12-04,2024/25,Everton,Wolves,H,2.0,0.0,H,M Salisbury,13.0,6.0,4.0,2.0,10.0,8.0,3.0,4.0,2.0,0.0,0.0,0.0,20241204.0,Premier League
2024-12-04,2024/25,Aston Villa,Brentford,H,3.0,0.0,H,L Smith,20.0,9.0,10.0,1.0,11.0,15.0,10.0,5.0,2.0,2.0,0.0,0.0,20241204.0,Premier League
2024-12-04,2024/25,Arsenal,Man United,H,0.0,0.0,D,S Barrott,14.0,5.0,6.0,2.0,12.0,8.0,13.0,0.0,1.0,3.0,0.0,0.0,20241204.0,Premier League
2024-12-04,2024/25,Southampton,Chelsea,A,1.0,3.0,A,T Harrington,6.0,26.0,4.0,13.0,7.0,14.0,5.0,7.0,1.0,0.0,1.0,0.0,20241204.0,Premier League
2024-12-04,2024/25,Newcastle,Liverpool,D,1.0,0.0,H,A Madley,17.0,16.0,6.0,5.0,9.0,17.0,5.0,6.0,2.0,5.0,0.0,0.0,20241204.0,Premier League
2024-12-03,2024/25,Leicester,West Ham,H,1.0,0.0,H,J Smith,8.0,31.0,6.0,10.0,9.0,7.0,3.0,9.0,2.0,2.0,0.0,0.0,20241203.0,Premier League
2024-12-03,2024/25,Ipswich,Crystal Palace,A,0.0,0.0,D,C Pawson,9.0,13.0,2.0,3.0,14.0,13.0,4.0,7.0,2.0,4.0,0.0,0.0,20241203.0,Premier League
2024-12-01,2024/25,Liverpool,Man City,H,1.0,0.0,H,C Kavanagh,18.0,8.0,7.0,2.0,9.0,8.0,7.0,4.0,1.0,3.0,0.0,0.0,20241201.0,Premier League
2024-12-01,2024/25,Chelsea,Aston Villa,H,2.0,0.0,H,S Attwell,17.0,10.0,8.0,4.0,21.0,6.0,3.0,4.0,2.0,2.0,0.0,0.0,20241201.0,Premier League
2024-12-01,2024/25,Man United,Everton,H,2.0,0.0,H,J Brooks,11.0,8.0,5.0,2.0,12.0,12.0,2.0,2.0,2.0,3.0,0.0,0.0,20241201.0,Premier League
2024-12-01,2024/25,Tottenham,Fulham,D,0.0,0.0,D,D Bond,8.0,14.0,3.0,6.0,4.0,14.0,7.0,11.0,0.0,1.0,0.0,1.0,20241201.0,Premier League
2024-11-30,2024/25,Brentford,Leicester,H,3.0,1.0,H,M Oliver,13.0,7.0,6.0,3.0,9.0,10.0,5.0,4.0,1.0,1.0,0.0,0.0,20241130.0,Premier League
2024-11-30,2024/25,Nott'm Forest,Ipswich,H,0.0,0.0,D,T Harrington,12.0,7.0,5.0,3.0,5.0,16.0,8.0,7.0,1.0,3.0,0.0,0.0,20241130.0,Premier League
2024-11-30,2024/25,West Ham,Arsenal,A,2.0,5.0,A,A Taylor,12.0,16.0,5.0,7.0,10.0,13.0,2.0,10.0,4.0,1.0,0.0,0.0,20241130.0,Premier League
2024-11-30,2024/25,Crystal Palace,Newcastle,D,0.0,0.0,D,D England,16.0,1.0,4.0,0.0,12.0,11.0,8.0,9.0,3.0,3.0,0.0,0.0,20241130.0,Premier League
2024-11-30,2024/25,Wolves,Bournemouth,A,1.0,3.0,A,P Bankes,10.0,12.0,3.0,8.0,13.0,11.0,3.0,4.0,4.0,1.0,0.0,0.0,20241130.0,Premier League
2024-11-29,2024/25,Brighton,Southampton,D,1.0,0.0,H,R Jones,22.0,10.0,5.0,2.0,20.0,16.0,7.0,6.0,2.0,4.0,0.0,0.0,20241129.0,Premier League
2024-11-25,2024/25,Newcastle,West Ham,A,0.0,1.0,A,C Pawson,18.0,15.0,2.0,6.0,11.0,8.0,8.0,3.0,1.0,0.0,0.0,0.0,20241125.0,Premier League
2024-11-24,2024/25,Ipswich,Man United,D,1.0,1.0,D,A Taylor,11.0,11.0,6.0,4.0,11.0,10.0,4.0,3.0,0.0,0.0,0.0,0.0,20241124.0,Premier League
2024-11-24,2024/25,Southampton,Liverpool,A,1.0,1.0,D,S Barrott,7.0,27.0,5.0,11.0,11.0,9.0,3.0,10.0,3.0,4.0,0.0,0.0,20241124.0,Premier League
2024-11-23,2024/25,Fulham,Wolves,A,1.0,1.0,D,R Jones,10.0,10.0,3.0,5.0,14.0,14.0,7.0,2.0,3.0,0.0,0.0,0.0,20241123.0,Premier League
2024-11-23,2024/25,Bournemouth,Brighton,A,0.0,1.0,A,S Attwell,19.0,6.0,5.0,4.0,13.0,10.0,7.0,0.0,2.0,2.0,0.0,1.0,20241123.0,Premier League
2024-11-23,2024/25,Everton,Brentford,D,0.0,0.0,D,C Kavanagh,27.0,9.0,5.0,2.0,8.0,10.0,10.0,4.0,0.0,0.0,0.0,1.0,20241123.0,Premier League
2024-11-23,2024/25,Man City,Tottenham,A,0.0,2.0,A,J Brooks,23.0,9.0,5.0,7.0,19.0,9.0,9.0,3.0,4.0,2.0,0.0,0.0,20241123.0,Premier League
2024-11-23,2024/25,Leicester,Chelsea,A,0.0,1.0,A,A Madley,4.0,16.0,1.0,7.0,15.0,12.0,2.0,9.0,4.0,3.0,0.0,0.0,20241123.0,Premier League
2024-11-23,2024/25,Arsenal,Nott'm Forest,H,1.0,0.0,H,S Hooper,19.0,7.0,7.0,0.0,10.0,1.0,8.0,1.0,3.0,2.0,0.0,0.0,20241123.0,Premier League
2024-11-23,2024/25,Aston Villa,Crystal Palace,D,1.0,2.0,A,T Robinson,17.0,13.0,5.0,6.0,10.0,11.0,10.0,1.0,3.0,2.0,0.0,0.0,20241123.0,Premier League
2024-11-10,2024/25,Nott'm Forest,Newcastle,A,1.0,0.0,H,A Taylor,9.0,17.0,3.0,6.0,13.0,6.0,4.0,5.0,1.0,1.0,0.0,0.0,20241110.0,Premier League
2024-11-10,2024/25,Tottenham,Ipswich,A,0.0,2.0,A,D England,17.0,8.0,5.0,3.0,10.0,19.0,12.0,2.0,1.0,5.0,0.0,0.0,20241110.0,Premier League
2024-11-10,2024/25,Chelsea,Arsenal,D,0.0,0.0,D,M Oliver,17.0,13.0,3.0,3.0,12.0,12.0,4.0,3.0,4.0,2.0,0.0,0.0,20241110.0,Premier League
2024-11-10,2024/25,Man United,Leicester,H,2.0,0.0,H,P Bankes,13.0,6.0,3.0,5.0,9.0,5.0,1.0,5.0,0.0,1.0,0.0,0.0,20241110.0,Premier League
2024-11-09,2024/25,West Ham,Everton,D,0.0,0.0,D,S Attwell,11.0,18.0,6.0,4.0,10.0,9.0,7.0,6.0,1.0,2.0,0.0,0.0,20241109.0,Premier League
2024-11-09,2024/25,Liverpool,Aston Villa,H,1.0,0.0,H,D Coote,14.0,12.0,5.0,2.0,11.0,15.0,2.0,9.0,0.0,3.0,0.0,0.0,20241109.0,Premier League
2024-11-09,2024/25,Brentford,Bournemouth,H,1.0,1.0,D,D Bond,12.0,15.0,6.0,3.0,8.0,16.0,6.0,4.0,2.0,4.0,0.0,0.0,20241109.0,Premier League
2024-11-09,2024/25,Crystal Palace,Fulham,A,0.0,1.0,A,M Salisbury,13.0,17.0,5.0,7.0,10.0,11.0,1.0,8.0,1.0,1.0,1.0,0.0,20241109.0,Premier League
2024-11-09,2024/25,Wolves,Southampton,H,1.0,0.0,H,T Bramall,8.0,9.0,4.0,0.0,14.0,12.0,1.0,9.0,1.0,4.0,0.0,0.0,20241109.0,Premier League
2024-11-09,2024/25,Brighton,Man City,H,0.0,1.0,A,S Barrott,10.0,15.0,4.0,6.0,12.0,10.0,0.0,4.0,3.0,3.0,0.0,0.0,20241109.0,Premier League
2024-11-04,2024/25,Fulham,Brentford,H,0.0,1.0,A,S Attwell,26.0,5.0,12.0,2.0,3.0,10.0,11.0,3.0,2.0,1.0,0.0,0.0,20241104.0,Premier League
2024-11-03,2024/25,Man United,Chelsea,D,0.0,0.0,D,R Jones,11.0,12.0,4.0,3.0,19.0,14.0,4.0,8.0,6.0,2.0,0.0,0.0,20241103.0,Premier League
2024-11-03,2024/25,Tottenham,Aston Villa,H,0.0,1.0,A,C Pawson,16.0,12.0,6.0,1.0,14.0,14.0,6.0,4.0,2.0,0.0,0.0,0.0,20241103.0,Premier League
2024-11-02,2024/25,Ipswich,Leicester,D,0.0,0.0,D,T Robinson,14.0,20.0,2.0,6.0,11.0,10.0,4.0,6.0,4.0,2.0,1.0,0.0,20241102.0,Premier League
2024-11-02,2024/25,Liverpool,Brighton,H,0.0,1.0,A,T Harrington,16.0,13.0,8.0,5.0,10.0,18.0,10.0,7.0,1.0,1.0,0.0,0.0,20241102.0,Premier League
2024-11-02,2024/25,Southampton,Everton,H,0.0,0.0,D,A Madley,9.0,16.0,2.0,5.0,14.0,18.0,3.0,6.0,4.0,2.0,0.0,0.0,20241102.0,Premier League
2024-11-02,2024/25,Wolves,Crystal Palace,D,0.0,0.0,D,A Taylor,11.0,19.0,6.0,7.0,7.0,9.0,3.0,6.0,1.0,2.0,0.0,0.0,20241102.0,Premier League
2024-11-02,2024/25,Nott'm Forest,West Ham,H,1.0,0.0,H,P Bankes,19.0,4.0,6.0,2.0,7.0,9.0,11.0,6.0,1.0,2.0,0.0,1.0,20241102.0,Premier League
2024-11-02,2024/25,Newcastle,Arsenal,H,1.0,0.0,H,J Brooks,9.0,10.0,4.0,1.0,16.0,18.0,4.0,6.0,4.0,4.0,0.0,0.0,20241102.0,Premier League
2024-11-02,2024/25,Bournemouth,Man City,H,1.0,0.0,H,M Oliver,12.0,18.0,6.0,4.0,11.0,6.0,3.0,10.0,2.0,1.0,0.0,0.0,20241102.0,Premier League
2024-10-27,2024/25,Arsenal,Liverpool,D,2.0,1.0,H,A Taylor,9.0,9.0,3.0,4.0,14.0,14.0,1.0,3.0,2.0,2.0,0.0,0.0,20241027.0,Premier League
2024-10-27,2024/25,Chelsea,Newcastle,H,1.0,1.0,D,S Hooper,17.0,11.0,7.0,3.0,13.0,16.0,7.0,4.0,6.0,3.0,0.0,0.0,20241027.0,Premier League
2024-10-27,2024/25,West Ham,Man United,H,0.0,0.0,D,D Coote,12.0,18.0,3.0,5.0,6.0,7.0,6.0,5.0,5.0,1.0,0.0,0.0,20241027.0,Premier League
2024-10-27,2024/25,Crystal Palace,Tottenham,H,1.0,0.0,H,D Bond,14.0,11.0,6.0,3.0,16.0,12.0,8.0,8.0,4.0,4.0,0.0,0.0,20241027.0,Premier League
2024-10-26,2024/25,Man City,Southampton,H,1.0,0.0,H,T Harrington,22.0,5.0,8.0,2.0,9.0,9.0,12.0,1.0,1.0,3.0,0.0,0.0,20241026.0,Premier League
2024-10-26,2024/25,Brighton,Wolves,D,1.0,0.0,H,M Oliver,19.0,14.0,6.0,7.0,12.0,10.0,9.0,6.0,3.0,3.0,0.0,0.0,20241026.0,Premier League
2024-10-26,2024/25,Everton,Fulham,D,0.0,0.0,D,J Brooks,10.0,14.0,5.0,3.0,8.0,8.0,4.0,2.0,1.0,0.0,0.0,0.0,20241026.0,Premier League
2024-10-26,2024/25,Brentford,Ipswich,H,2.0,2.0,D,L Smith,20.0,11.0,9.0,5.0,7.0,10.0,5.0,5.0,0.0,1.0,0.0,1.0,20241026.0,Premier League
2024-10-26,2024/25,Aston Villa,Bournemouth,D,0.0,0.0,D,A Madley,18.0,11.0,8.0,3.0,12.0,14.0,9.0,7.0,7.0,6.0,0.0,0.0,20241026.0,Premier League
2024-10-25,2024/25,Leicester,Nott'm Forest,A,1.0,1.0,D,C Pawson,11.0,20.0,1.0,5.0,16.0,9.0,6.0,7.0,5.0,2.0,0.0,0.0,20241025.0,Premier League
2024-10-21,2024/25,Nott'm Forest,Crystal Palace,H,0.0,0.0,D,T Robinson,20.0,20.0,6.0,7.0,9.0,12.0,6.0,6.0,2.0,3.0,0.0,0.0,20241021.0,Premier League
2024-10-20,2024/25,Wolves,Man City,A,1.0,1.0,D,C Kavanagh,3.0,22.0,2.0,7.0,8.0,5.0,1.0,18.0,4.0,1.0,0.0,0.0,20241020.0,Premier League
2024-10-20,2024/25,Liverpool,Chelsea,H,1.0,0.0,H,J Brooks,9.0,12.0,5.0,2.0,12.0,13.0,1.0,6.0,4.0,3.0,0.0,0.0,20241020.0,Premier League
2024-10-19,2024/25,Bournemouth,Arsenal,H,0.0,0.0,D,R Jones,13.0,6.0,4.0,1.0,12.0,11.0,7.0,4.0,1.0,1.0,0.0,1.0,20241019.0,Premier League
2024-10-19,2024/25,Man United,Brentford,H,0.0,1.0,A,S Barrott,23.0,8.0,11.0,2.0,14.0,5.0,9.0,2.0,2.0,2.0,0.0,0.0,20241019.0,Premier League
2024-10-19,2024/25,Southampton,Leicester,A,2.0,0.0,H,A Taylor,14.0,18.0,7.0,4.0,10.0,10.0,10.0,6.0,5.0,3.0,1.0,0.0,20241019.0,Premier League
2024-10-19,2024/25,Fulham,Aston Villa,A,1.0,1.0,D,D England,10.0,14.0,4.0,5.0,8.0,11.0,6.0,11.0,3.0,3.0,1.0,1.0,20241019.0,Premier League
2024-10-19,2024/25,Ipswich,Everton,A,0.0,2.0,A,M Oliver,13.0,11.0,2.0,8.0,12.0,10.0,5.0,8.0,1.0,1.0,0.0,0.0,20241019.0,Premier League
2024-10-19,2024/25,Newcastle,Brighton,A,0.0,1.0,A,P Bankes,21.0,10.0,6.0,5.0,11.0,9.0,9.0,4.0,2.0,2.0,0.0,0.0,20241019.0,Premier League
2024-10-19,2024/25,Tottenham,West Ham,H,1.0,1.0,D,A Madley,22.0,11.0,7.0,4.0,10.0,15.0,13.0,5.0,1.0,3.0,0.0,1.0,20241019.0,Premier League
2024-10-06,2024/25,Aston Villa,Man United,D,0.0,0.0,D,R Jones,11.0,10.0,1.0,4.0,12.0,11.0,6.0,3.0,1.0,5.0,0.0,0.0,20241006.0,Premier League
2024-10-06,2024/25,Chelsea,Nott'm Forest,D,0.0,0.0,D,C Kavanagh,22.0,16.0,8.0,9.0,12.0,11.0,11.0,3.0,6.0,2.0,0.0,1.0,20241006.0,Premier League
2024-10-06,2024/25,Brighton,Tottenham,H,0.0,2.0,A,D Coote,11.0,13.0,4.0,3.0,14.0,10.0,4.0,7.0,2.0,2.0,0.0,0.0,20241006.0,Premier League
2024-10-05,2024/25,Everton,Newcastle,D,0.0,0.0,D,C Pawson,8.0,14.0,2.0,3.0,12.0,8.0,0.0,10.0,1.0,2.0,0.0,0.0,20241005.0,Premier League
2024-10-05,2024/25,Arsenal,Southampton,H,0.0,0.0,D,T Harrington,29.0,8.0,6.0,2.0,10.0,9.0,13.0,1.0,0.0,3.0,0.0,0.0,20241005.0,Premier League
2024-10-05,2024/25,West Ham,Ipswich,H,2.0,1.0,H,A Taylor,23.0,9.0,13.0,2.0,12.0,6.0,5.0,5.0,0.0,1.0,0.0,0.0,20241005.0,Premier League
2024-10-05,2024/25,Crystal Palace,Liverpool,A,0.0,1.0,A,S Hooper,9.0,16.0,5.0,4.0,7.0,15.0,3.0,8.0,4.0,2.0,0.0,0.0,20241005.0,Premier League
2024-10-05,2024/25,Man City,Fulham,H,1.0,1.0,D,P Bankes,20.0,11.0,7.0,4.0,4.0,10.0,8.0,3.0,2.0,1.0,0.0,0.0,20241005.0,Premier League
2024-10-05,2024/25,Leicester,Bournemouth,H,1.0,0.0,H,D Bond,6.0,17.0,2.0,2.0,12.0,14.0,0.0,9.0,4.0,1.0,0.0,0.0,20241005.0,Premier League
2024-10-05,2024/25,Brentford,Wolves,H,4.0,2.0,H,A Madley,19.0,17.0,12.0,6.0,9.0,10.0,10.0,3.0,2.0,3.0,0.0,0.0,20241005.0,Premier League
2024-09-30,2024/25,Bournemouth,Southampton,H,3.0,0.0,H,M Oliver,14.0,9.0,6.0,3.0,19.0,12.0,7.0,4.0,2.0,5.0,0.0,0.0,20240930.0,Premier League
2024-09-29,2024/25,Man United,Tottenham,A,0.0,1.0,A,C Kavanagh,11.0,24.0,2.0,10.0,16.0,14.0,5.0,3.0,5.0,3.0,1.0,0.0,20240929.0,Premier League
2024-09-29,2024/25,Ipswich,Aston Villa,D,1.0,2.0,A,S Attwell,15.0,7.0,5.0,3.0,10.0,14.0,10.0,0.0,4.0,1.0,0.0,0.0,20240929.0,Premier League
2024-09-28,2024/25,Newcastle,Man City,D,0.0,1.0,A,J Gillett,11.0,16.0,4.0,6.0,14.0,10.0,5.0,6.0,4.0,4.0,0.0,0.0,20240928.0,Premier League
2024-09-28,2024/25,Nott'm Forest,Fulham,A,0.0,0.0,D,J Smith,11.0,14.0,1.0,2.0,11.0,15.0,6.0,5.0,2.0,4.0,0.0,0.0,20240928.0,Premier League
2024-09-28,2024/25,Brentford,West Ham,D,1.0,0.0,H,S Hooper,8.0,19.0,3.0,3.0,2.0,11.0,7.0,7.0,2.0,3.0,0.0,0.0,20240928.0,Premier League
2024-09-28,2024/25,Arsenal,Leicester,H,2.0,0.0,H,S Barrott,36.0,5.0,16.0,3.0,11.0,6.0,17.0,0.0,2.0,4.0,0.0,0.0,20240928.0,Premier League
2024-09-28,2024/25,Wolves,Liverpool,A,0.0,1.0,A,A Taylor,8.0,10.0,3.0,6.0,16.0,8.0,2.0,10.0,2.0,3.0,0.0,0.0,20240928.0,Premier League
2024-09-28,2024/25,Everton,Crystal Palace,H,0.0,1.0,A,A Madley,8.0,17.0,2.0,5.0,13.0,11.0,5.0,8.0,2.0,1.0,0.0,0.0,20240928.0,Premier League
2024-09-28,2024/25,Chelsea,Brighton,H,4.0,2.0,H,P Bankes,15.0,15.0,7.0,5.0,11.0,8.0,8.0,2.0,3.0,2.0,0.0,0.0,20240928.0,Premier League
2024-09-22,2024/25,Man City,Arsenal,D,1.0,2.0,A,M Oliver,33.0,5.0,11.0,3.0,7.0,10.0,8.0,2.0,3.0,4.0,0.0,1.0,20240922.0,Premier League
2024-09-22,2024/25,Brighton,Nott'm Forest,D,2.0,1.0,H,R Jones,14.0,4.0,3.0,3.0,12.0,11.0,9.0,1.0,3.0,4.0,0.0,1.0,20240922.0,Premier League
2024-09-21,2024/25,Liverpool,Bournemouth,H,3.0,0.0,H,T Harrington,19.0,19.0,13.0,6.0,10.0,12.0,3.0,9.0,1.0,4.0,0.0,0.0,20240921.0,Premier League
2024-09-21,2024/25,Fulham,Newcastle,H,2.0,0.0,H,P Bankes,22.0,15.0,11.0,4.0,16.0,8.0,6.0,0.0,6.0,0.0,0.0,0.0,20240921.0,Premier League
2024-09-21,2024/25,Aston Villa,Wolves,H,0.0,1.0,A,T Robinson,9.0,10.0,4.0,4.0,11.0,16.0,6.0,5.0,3.0,6.0,0.0,0.0,20240921.0,Premier League
2024-09-21,2024/25,Southampton,Ipswich,D,1.0,0.0,H,S Allison,11.0,13.0,3.0,6.0,16.0,16.0,2.0,10.0,4.0,4.0,0.0,0.0,20240921.0,Premier League
2024-09-21,2024/25,Crystal Palace,Man United,D,0.0,0.0,D,D Coote,9.0,15.0,4.0,6.0,7.0,12.0,4.0,11.0,3.0,1.0,0.0,0.0,20240921.0,Premier League
2024-09-21,2024/25,Tottenham,Brentford,H,2.0,1.0,H,J Brooks,23.0,6.0,10.0,6.0,11.0,9.0,9.0,4.0,3.0,1.0,0.0,0.0,20240921.0,Premier League
2024-09-21,2024/25,Leicester,Everton,D,0.0,1.0,A,D England,12.0,16.0,2.0,5.0,11.0,12.0,6.0,1.0,1.0,2.0,0.0,0.0,20240921.0,Premier League
2024-09-21,2024/25,West Ham,Chelsea,A,0.0,2.0,A,S Barrott,15.0,12.0,7.0,5.0,17.0,9.0,6.0,5.0,5.0,2.0,0.0,0.0,20240921.0,Premier League
2024-09-15,2024/25,Wolves,Newcastle,A,1.0,0.0,H,C Kavanagh,12.0,14.0,5.0,6.0,17.0,6.0,4.0,7.0,3.0,3.0,0.0,0.0,20240915.0,Premier League
2024-09-15,2024/25,Tottenham,Arsenal,A,0.0,0.0,D,J Gillett,15.0,7.0,5.0,4.0,13.0,10.0,7.0,6.0,5.0,3.0,0.0,0.0,20240915.0,Premier League
2024-09-14,2024/25,Bournemouth,Chelsea,A,0.0,0.0,D,A Taylor,19.0,10.0,7.0,3.0,16.0,9.0,6.0,3.0,6.0,8.0,0.0,0.0,20240914.0,Premier League
2024-09-14,2024/25,Southampton,Man United,A,0.0,2.0,A,S Attwell,6.0,20.0,4.0,10.0,11.0,14.0,0.0,7.0,1.0,4.0,1.0,0.0,20240914.0,Premier League
2024-09-14,2024/25,Crystal Palace,Leicester,D,0.0,1.0,A,T Harrington,20.0,9.0,4.0,4.0,11.0,15.0,5.0,2.0,0.0,3.0,0.0,0.0,20240914.0,Premier League
2024-09-14,2024/25,Brighton,Ipswich,D,0.0,0.0,D,S Barrott,21.0,6.0,6.0,1.0,14.0,16.0,9.0,2.0,4.0,3.0,0.0,0.0,20240914.0,Premier League
2024-09-14,2024/25,Liverpool,Nott'm Forest,A,0.0,0.0,D,M Oliver,14.0,5.0,5.0,3.0,15.0,6.0,7.0,2.0,4.0,4.0,0.0,0.0,20240914.0,Premier League
2024-09-14,2024/25,Man City,Brentford,H,2.0,1.0,H,D Bond,18.0,8.0,7.0,5.0,9.0,3.0,12.0,3.0,3.0,1.0,0.0,0.0,20240914.0,Premier League
2024-09-14,2024/25,Aston Villa,Everton,H,1.0,2.0,A,C Pawson,17.0,6.0,8.0,2.0,10.0,12.0,6.0,2.0,1.0,4.0,0.0,0.0,20240914.0,Premier League
2024-09-14,2024/25,Fulham,West Ham,D,1.0,0.0,H,T Robinson,21.0,11.0,5.0,3.0,15.0,18.0,3.0,2.0,2.0,3.0,0.0,0.0,20240914.0,Premier League
2024-09-01,2024/25,Newcastle,Tottenham,H,1.0,0.0,H,R Jones,9.0,20.0,3.0,6.0,16.0,13.0,7.0,12.0,4.0,4.0,0.0,0.0,20240901.0,Premier League
2024-09-01,2024/25,Chelsea,Crystal Palace,D,1.0,0.0,H,J Gillett,13.0,9.0,7.0,3.0,9.0,13.0,4.0,5.0,4.0,2.0,0.0,0.0,20240901.0,Premier League
2024-09-01,2024/25,Man United,Liverpool,A,0.0,2.0,A,A Taylor,8.0,11.0,3.0,3.0,7.0,7.0,5.0,2.0,4.0,1.0,0.0,0.0,20240901.0,Premier League
2024-08-31,2024/25,Nott'm Forest,Wolves,D,1.0,1.0,D,S Hooper,16.0,11.0,5.0,3.0,15.0,18.0,7.0,3.0,3.0,4.0,0.0,0.0,20240831.0,Premier League
2024-08-31,2024/25,Everton,Bournemouth,A,0.0,0.0,D,S Attwell,18.0,17.0,8.0,7.0,6.0,1.0,8.0,4.0,2.0,1.0,0.0,0.0,20240831.0,Premier League
2024-08-31,2024/25,Brentford,Southampton,H,1.0,0.0,H,J Smith,20.0,18.0,7.0,6.0,10.0,7.0,2.0,8.0,2.0,1.0,0.0,0.0,20240831.0,Premier League
2024-08-31,2024/25,West Ham,Man City,A,1.0,2.0,A,M Oliver,10.0,23.0,2.0,8.0,10.0,3.0,3.0,11.0,3.0,2.0,0.0,0.0,20240831.0,Premier League
2024-08-31,2024/25,Leicester,Aston Villa,A,0.0,1.0,A,D Coote,9.0,10.0,3.0,5.0,13.0,21.0,1.0,4.0,4.0,5.0,0.0,0.0,20240831.0,Premier League
2024-08-31,2024/25,Arsenal,Brighton,D,1.0,0.0,H,C Kavanagh,11.0,22.0,7.0,4.0,12.0,7.0,3.0,7.0,3.0,2.0,1.0,0.0,20240831.0,Premier League
2024-08-31,2024/25,Ipswich,Fulham,D,1.0,1.0,D,L Smith,11.0,9.0,4.0,4.0,15.0,15.0,8.0,6.0,2.0,3.0,0.0,0.0,20240831.0,Premier League
2024-08-25,2024/25,Wolves,Chelsea,A,2.0,2.0,D,D England,12.0,14.0,4.0,8.0,13.0,13.0,5.0,5.0,2.0,3.0,0.0,0.0,20240825.0,Premier League
2024-08-25,2024/25,Liverpool,Brentford,H,1.0,0.0,H,S Attwell,19.0,8.0,8.0,2.0,10.0,7.0,9.0,4.0,2.0,3.0,0.0,0.0,20240825.0,Premier League
2024-08-25,2024/25,Bournemouth,Newcastle,D,1.0,0.0,H,D Coote,16.0,14.0,4.0,5.0,19.0,8.0,8.0,9.0,2.0,2.0,0.0,0.0,20240825.0,Premier League
2024-08-24,2024/25,Tottenham,Everton,H,2.0,0.0,H,A Taylor,13.0,10.0,7.0,1.0,11.0,15.0,12.0,5.0,0.0,0.0,0.0,0.0,20240824.0,Premier League
2024-08-24,2024/25,Man City,Ipswich,H,3.0,1.0,H,M Salisbury,14.0,1.0,5.0,1.0,4.0,15.0,10.0,1.0,2.0,3.0,0.0,0.0,20240824.0,Premier League
2024-08-24,2024/25,Aston Villa,Arsenal,A,0.0,0.0,D,M Oliver,11.0,9.0,3.0,4.0,8.0,15.0,4.0,1.0,1.0,3.0,0.0,0.0,20240824.0,Premier League
2024-08-24,2024/25,Southampton,Nott'm Forest,A,0.0,0.0,D,S Barrott,5.0,23.0,1.0,8.0,14.0,14.0,4.0,10.0,3.0,3.0,0.0,0.0,20240824.0,Premier League
2024-08-24,2024/25,Crystal Palace,West Ham,A,0.0,0.0,D,R Jones,14.0,18.0,2.0,3.0,9.0,17.0,3.0,3.0,1.0,1.0,0.0,0.0,20240824.0,Premier League
2024-08-24,2024/25,Fulham,Leicester,H,1.0,1.0,D,D Bond,18.0,10.0,6.0,4.0,14.0,13.0,7.0,5.0,2.0,2.0,0.0,0.0,20240824.0,Premier League
2024-08-24,2024/25,Brighton,Man United,H,1.0,0.0,H,C Pawson,14.0,11.0,5.0,4.0,9.0,13.0,4.0,4.0,1.0,2.0,0.0,0.0,20240824.0,Premier League
2024-08-19,2024/25,Leicester,Tottenham,D,0.0,1.0,A,C Kavanagh,7.0,15.0,3.0,7.0,11.0,12.0,2.0,13.0,1.0,1.0,0.0,0.0,20240819.0,Premier League
2024-08-18,2024/25,Brentford,Crystal Palace,H,1.0,0.0,H,S Barrott,9.0,14.0,5.0,6.0,6.0,15.0,4.0,7.0,1.0,5.0,0.0,0.0,20240818.0,Premier League
2024-08-18,2024/25,Chelsea,Man City,A,0.0,1.0,A,A Taylor,10.0,11.0,3.0,5.0,12.0,9.0,4.0,3.0,1.0,1.0,0.0,0.0,20240818.0,Premier League
2024-08-17,2024/25,West Ham,Aston Villa,A,1.0,1.0,D,T Harrington,14.0,15.0,3.0,3.0,18.0,11.0,5.0,3.0,1.0,2.0,0.0,0.0,20240817.0,Premier League
2024-08-17,2024/25,Newcastle,Southampton,H,1.0,0.0,H,C Pawson,3.0,19.0,1.0,4.0,15.0,16.0,3.0,12.0,2.0,4.0,1.0,0.0,20240817.0,Premier League
2024-08-17,2024/25,Ipswich,Liverpool,A,0.0,0.0,D,T Robinson,7.0,18.0,2.0,5.0,9.0,18.0,2.0,10.0,3.0,1.0,0.0,0.0,20240817.0,Premier League
2024-08-17,2024/25,Arsenal,Wolves,H,1.0,0.0,H,J Gillett,18.0,9.0,6.0,3.0,17.0,14.0,8.0,2.0,2.0,2.0,0.0,0.0,20240817.0,Premier League
2024-08-17,2024/25,Nott'm Forest,Bournemouth,D,1.0,0.0,H,M Oliver,14.0,13.0,8.0,4.0,17.0,8.0,2.0,6.0,1.0,3.0,0.0,0.0,20240817.0,Premier League
2024-08-17,2024/25,Everton,Brighton,A,0.0,1.0,A,S Hooper,9.0,10.0,1.0,5.0,8.0,8.0,1.0,5.0,1.0,1.0,1.0,0.0,20240817.0,Premier League
2024-08-16,2024/25,Man United,Fulham,H,0.0,0.0,D,R Jones,14.0,10.0,5.0,2.0,12.0,10.0,7.0,8.0,2.0,3.0,0.0,0.0,20240816.0,Premier League
2024-05-19,2023/24,Chelsea,Bournemouth,H,1.0,0.0,H,A Taylor,16.0,22.0,6.0,5.0,5.0,9.0,6.0,5.0,2.0,3.0,0.0,0.0,20240519.0,Premier League
2024-05-19,2023/24,Brighton,Man United,A,0.0,0.0,D,C Pawson,17.0,11.0,3.0,4.0,10.0,9.0,7.0,5.0,1.0,3.0,0.0,0.0,20240519.0,Premier League
2024-05-19,2023/24,Crystal Palace,Aston Villa,H,2.0,0.0,H,D Bond,15.0,8.0,9.0,2.0,10.0,8.0,2.0,4.0,1.0,4.0,0.0,0.0,20240519.0,Premier League
2024-05-19,2023/24,Arsenal,Everton,H,1.0,1.0,D,M Oliver,26.0,5.0,5.0,2.0,8.0,11.0,8.0,1.0,4.0,3.0,0.0,0.0,20240519.0,Premier League
2024-05-19,2023/24,Sheffield United,Tottenham,A,0.0,1.0,A,A Madley,6.0,18.0,1.0,9.0,11.0,9.0,2.0,6.0,2.0,0.0,0.0,0.0,20240519.0,Premier League
2024-05-19,2023/24,Liverpool,Wolves,H,2.0,0.0,H,C Kavanagh,36.0,4.0,14.0,3.0,14.0,11.0,10.0,2.0,1.0,1.0,0.0,1.0,20240519.0,Premier League
2024-05-19,2023/24,Burnley,Nott'm Forest,A,0.0,2.0,A,G Scott,20.0,12.0,3.0,6.0,11.0,5.0,4.0,3.0,1.0,0.0,0.0,0.0,20240519.0,Premier League
2024-05-19,2023/24,Brentford,Newcastle,A,0.0,3.0,A,S Hooper,10.0,12.0,5.0,7.0,15.0,11.0,3.0,0.0,4.0,4.0,0.0,0.0,20240519.0,Premier League
2024-05-19,2023/24,Man City,West Ham,H,2.0,1.0,H,J Brooks,28.0,3.0,12.0,2.0,3.0,12.0,11.0,2.0,0.0,1.0,0.0,0.0,20240519.0,Premier League
2024-05-19,2023/24,Luton,Fulham,A,1.0,2.0,A,M Donohue,15.0,15.0,6.0,7.0,15.0,20.0,4.0,4.0,5.0,4.0,0.0,0.0,20240519.0,Premier League
2024-05-15,2023/24,Man United,Newcastle,H,1.0,0.0,H,R Jones,17.0,21.0,8.0,8.0,16.0,7.0,9.0,9.0,3.0,3.0,0.0,0.0,20240515.0,Premier League
2024-05-15,2023/24,Brighton,Chelsea,A,0.0,1.0,A,M Salisbury,12.0,13.0,2.0,6.0,13.0,14.0,4.0,6.0,2.0,2.0,0.0,1.0,20240515.0,Premier League
2024-05-14,2023/24,Tottenham,Man City,A,0.0,0.0,D,C Kavanagh,10.0,8.0,5.0,5.0,14.0,11.0,7.0,4.0,3.0,3.0,0.0,0.0,20240514.0,Premier League
2024-05-13,2023/24,Aston Villa,Liverpool,D,1.0,2.0,A,S Hooper,19.0,14.0,5.0,7.0,11.0,15.0,5.0,4.0,1.0,1.0,0.0,0.0,20240513.0,Premier League
2024-05-12,2023/24,Man United,Arsenal,A,0.0,1.0,A,P Tierney,14.0,11.0,2.0,5.0,5.0,6.0,4.0,7.0,0.0,2.0,0.0,0.0,20240512.0,Premier League
2024-05-11,2023/24,Fulham,Man City,A,0.0,1.0,A,A Taylor,1.0,16.0,1.0,9.0,9.0,6.0,1.0,7.0,1.0,0.0,1.0,0.0,20240511.0,Premier League
2024-05-11,2023/24,Wolves,Crystal Palace,A,0.0,2.0,A,T Bramall,13.0,13.0,7.0,3.0,13.0,12.0,8.0,3.0,3.0,2.0,0.0,1.0,20240511.0,Premier League
2024-05-11,2023/24,Newcastle,Brighton,D,1.0,1.0,D,D England,18.0,15.0,7.0,4.0,9.0,16.0,8.0,4.0,3.0,4.0,0.0,0.0,20240511.0,Premier League
2024-05-11,2023/24,West Ham,Luton,H,0.0,1.0,A,M Oliver,24.0,4.0,8.0,1.0,9.0,15.0,7.0,6.0,1.0,3.0,0.0,0.0,20240511.0,Premier League
2024-05-11,2023/24,Tottenham,Burnley,H,1.0,1.0,D,J Gillett,21.0,7.0,9.0,3.0,10.0,14.0,9.0,3.0,3.0,5.0,0.0,0.0,20240511.0,Premier League
2024-05-11,2023/24,Everton,Sheffield United,H,1.0,0.0,H,S Attwell,15.0,13.0,6.0,1.0,6.0,11.0,3.0,6.0,1.0,2.0,0.0,0.0,20240511.0,Premier League
2024-05-11,2023/24,Nott'm Forest,Chelsea,A,1.0,1.0,D,T Harrington,20.0,12.0,4.0,5.0,14.0,8.0,5.0,6.0,2.0,3.0,0.0,0.0,20240511.0,Premier League
2024-05-11,2023/24,Bournemouth,Brentford,A,0.0,0.0,D,M Donohue,13.0,11.0,4.0,5.0,16.0,12.0,3.0,8.0,2.0,2.0,0.0,0.0,20240511.0,Premier League
2024-05-06,2023/24,Crystal Palace,Man United,H,2.0,0.0,H,J Gillett,18.0,7.0,10.0,2.0,12.0,8.0,6.0,3.0,1.0,1.0,0.0,0.0,20240506.0,Premier League
2024-05-05,2023/24,Liverpool,Tottenham,H,2.0,0.0,H,P Tierney,25.0,11.0,13.0,6.0,14.0,12.0,8.0,3.0,1.0,4.0,0.0,0.0,20240505.0,Premier League
2024-05-05,2023/24,Brighton,Aston Villa,H,0.0,0.0,D,R Jones,15.0,2.0,8.0,1.0,13.0,10.0,7.0,3.0,2.0,1.0,0.0,0.0,20240505.0,Premier League
2024-05-05,2023/24,Chelsea,West Ham,H,3.0,0.0,H,A Madley,25.0,13.0,14.0,2.0,12.0,10.0,8.0,6.0,1.0,3.0,0.0,0.0,20240505.0,Premier League
2024-05-04,2023/24,Man City,Wolves,H,3.0,0.0,H,C Pawson,20.0,2.0,12.0,1.0,4.0,17.0,6.0,0.0,0.0,4.0,0.0,0.0,20240504.0,Premier League
2024-05-04,2023/24,Burnley,Newcastle,A,0.0,3.0,A,A Taylor,17.0,23.0,5.0,11.0,8.0,8.0,4.0,11.0,2.0,2.0,0.0,0.0,20240504.0,Premier League
2024-05-04,2023/24,Sheffield United,Nott'm Forest,A,1.0,1.0,D,C Kavanagh,17.0,15.0,5.0,4.0,9.0,7.0,5.0,3.0,0.0,1.0,1.0,0.0,20240504.0,Premier League
2024-05-04,2023/24,Arsenal,Bournemouth,H,1.0,0.0,H,D Coote,25.0,7.0,9.0,2.0,16.0,12.0,6.0,1.0,2.0,3.0,0.0,0.0,20240504.0,Premier League
2024-05-04,2023/24,Brentford,Fulham,D,0.0,0.0,D,G Scott,7.0,15.0,3.0,3.0,3.0,6.0,7.0,6.0,1.0,1.0,0.0,0.0,20240504.0,Premier League
2024-05-03,2023/24,Luton,Everton,D,1.0,1.0,D,T Robinson,18.0,10.0,5.0,3.0,14.0,12.0,8.0,7.0,1.0,3.0,0.0,0.0,20240503.0,Premier League
2024-05-02,2023/24,Chelsea,Tottenham,H,1.0,0.0,H,R Jones,16.0,19.0,5.0,3.0,12.0,16.0,4.0,9.0,0.0,1.0,0.0,0.0,20240502.0,Premier League
2024-04-28,2023/24,Tottenham,Arsenal,A,0.0,3.0,A,M Oliver,14.0,9.0,2.0,3.0,12.0,16.0,8.0,6.0,2.0,1.0,0.0,0.0,20240428.0,Premier League
2024-04-28,2023/24,Bournemouth,Brighton,H,1.0,0.0,H,P Tierney,15.0,13.0,6.0,1.0,14.0,10.0,8.0,2.0,2.0,2.0,0.0,0.0,20240428.0,Premier League
2024-04-28,2023/24,Nott'm Forest,Man City,A,0.0,1.0,A,S Hooper,14.0,11.0,2.0,5.0,8.0,6.0,4.0,5.0,0.0,0.0,0.0,0.0,20240428.0,Premier League
2024-04-27,2023/24,Aston Villa,Chelsea,D,2.0,0.0,H,C Pawson,9.0,21.0,4.0,5.0,13.0,14.0,2.0,4.0,3.0,5.0,0.0,0.0,20240427.0,Premier League
2024-04-27,2023/24,Newcastle,Sheffield United,H,1.0,1.0,D,T Harrington,20.0,15.0,7.0,5.0,9.0,10.0,4.0,5.0,0.0,0.0,0.0,0.0,20240427.0,Premier League
2024-04-27,2023/24,Everton,Brentford,H,0.0,0.0,D,D England,18.0,10.0,1.0,4.0,10.0,12.0,6.0,6.0,1.0,2.0,0.0,0.0,20240427.0,Premier League
2024-04-27,2023/24,West Ham,Liverpool,D,1.0,0.0,H,A Taylor,11.0,28.0,8.0,8.0,8.0,10.0,5.0,8.0,0.0,2.0,0.0,0.0,20240427.0,Premier League
2024-04-27,2023/24,Fulham,Crystal Palace,D,0.0,0.0,D,S Attwell,9.0,14.0,2.0,4.0,11.0,15.0,5.0,9.0,0.0,2.0,0.0,0.0,20240427.0,Premier League
2024-04-27,2023/24,Wolves,Luton,H,1.0,0.0,H,D Coote,13.0,9.0,5.0,6.0,14.0,14.0,4.0,4.0,3.0,1.0,0.0,0.0,20240427.0,Premier League
2024-04-27,2023/24,Man United,Burnley,D,0.0,0.0,D,J Brooks,27.0,16.0,10.0,7.0,7.0,11.0,6.0,5.0,1.0,3.0,0.0,0.0,20240427.0,Premier League
2024-04-25,2023/24,Brighton,Man City,A,0.0,3.0,A,J Gillett,7.0,14.0,3.0,6.0,10.0,3.0,4.0,4.0,2.0,0.0,0.0,0.0,20240425.0,Premier League
2024-04-24,2023/24,Crystal Palace,Newcastle,H,0.0,0.0,D,T Bramall,20.0,7.0,7.0,2.0,10.0,15.0,7.0,2.0,3.0,3.0,0.0,0.0,20240424.0,Premier League
2024-04-24,2023/24,Man United,Sheffield United,H,1.0,1.0,D,M Salisbury,25.0,10.0,13.0,4.0,7.0,9.0,9.0,4.0,0.0,1.0,0.0,0.0,20240424.0,Premier League
2024-04-24,2023/24,Everton,Liverpool,H,1.0,0.0,H,A Madley,16.0,23.0,6.0,7.0,6.0,13.0,4.0,13.0,0.0,3.0,0.0,0.0,20240424.0,Premier League
2024-04-24,2023/24,Wolves,Bournemouth,A,0.0,1.0,A,S Attwell,15.0,21.0,4.0,6.0,10.0,17.0,8.0,12.0,4.0,1.0,0.0,1.0,20240424.0,Premier League
2024-04-23,2023/24,Arsenal,Chelsea,H,1.0,0.0,H,S Hooper,27.0,7.0,10.0,1.0,12.0,11.0,4.0,2.0,2.0,2.0,0.0,0.0,20240423.0,Premier League
2024-04-21,2023/24,Crystal Palace,West Ham,H,4.0,1.0,H,G Scott,18.0,4.0,7.0,1.0,9.0,9.0,4.0,0.0,3.0,2.0,0.0,0.0,20240421.0,Premier League
2024-04-21,2023/24,Fulham,Liverpool,A,1.0,1.0,D,C Pawson,12.0,14.0,5.0,7.0,5.0,11.0,1.0,4.0,3.0,0.0,0.0,0.0,20240421.0,Premier League
2024-04-21,2023/24,Aston Villa,Bournemouth,H,1.0,1.0,D,T Robinson,14.0,14.0,4.0,6.0,8.0,14.0,8.0,4.0,1.0,3.0,0.0,0.0,20240421.0,Premier League
2024-04-21,2023/24,Everton,Nott'm Forest,H,1.0,0.0,H,A Taylor,7.0,8.0,4.0,3.0,15.0,9.0,6.0,4.0,3.0,2.0,0.0,0.0,20240421.0,Premier League
2024-04-20,2023/24,Luton,Brentford,A,0.0,2.0,A,J Gillett,6.0,21.0,3.0,9.0,13.0,9.0,4.0,9.0,1.0,2.0,0.0,0.0,20240420.0,Premier League
2024-04-20,2023/24,Wolves,Arsenal,A,0.0,1.0,A,P Tierney,5.0,24.0,3.0,9.0,14.0,9.0,1.0,2.0,3.0,2.0,0.0,0.0,20240420.0,Premier League
2024-04-20,2023/24,Sheffield United,Burnley,A,0.0,2.0,A,A Madley,18.0,16.0,11.0,9.0,10.0,9.0,11.0,2.0,1.0,0.0,0.0,0.0,20240420.0,Premier League
2024-04-15,2023/24,Chelsea,Everton,H,4.0,0.0,H,P Tierney,14.0,10.0,10.0,2.0,5.0,21.0,4.0,8.0,1.0,4.0,0.0,0.0,20240415.0,Premier League
2024-04-14,2023/24,Liverpool,Crystal Palace,A,0.0,1.0,A,C Kavanagh,21.0,8.0,6.0,5.0,10.0,10.0,11.0,1.0,1.0,1.0,0.0,0.0,20240414.0,Premier League
2024-04-14,2023/24,Arsenal,Aston Villa,A,0.0,0.0,D,D Coote,18.0,11.0,4.0,2.0,12.0,7.0,4.0,6.0,3.0,1.0,0.0,0.0,20240414.0,Premier League
2024-04-14,2023/24,West Ham,Fulham,A,0.0,1.0,A,S Attwell,15.0,18.0,4.0,10.0,6.0,13.0,8.0,3.0,1.0,2.0,0.0,0.0,20240414.0,Premier League
2024-04-13,2023/24,Burnley,Brighton,D,0.0,0.0,D,S Hooper,11.0,20.0,3.0,8.0,18.0,8.0,4.0,5.0,1.0,2.0,0.0,0.0,20240413.0,Premier League
2024-04-13,2023/24,Bournemouth,Man United,D,2.0,1.0,H,T Harrington,20.0,8.0,5.0,2.0,13.0,14.0,7.0,2.0,4.0,0.0,0.0,0.0,20240413.0,Premier League
2024-04-13,2023/24,Brentford,Sheffield United,H,0.0,0.0,D,S Barrott,9.0,8.0,5.0,2.0,8.0,11.0,3.0,6.0,3.0,1.0,0.0,0.0,20240413.0,Premier League
2024-04-13,2023/24,Man City,Luton,H,1.0,0.0,H,J Brooks,33.0,4.0,13.0,2.0,7.0,6.0,12.0,1.0,1.0,0.0,0.0,0.0,20240413.0,Premier League
2024-04-13,2023/24,Newcastle,Tottenham,H,2.0,0.0,H,T Robinson,18.0,11.0,5.0,2.0,14.0,12.0,16.0,3.0,0.0,4.0,0.0,0.0,20240413.0,Premier League
2024-04-13,2023/24,Nott'm Forest,Wolves,D,1.0,1.0,D,C Pawson,18.0,11.0,9.0,4.0,15.0,10.0,10.0,1.0,2.0,3.0,0.0,0.0,20240413.0,Premier League
2024-04-07,2023/24,Man United,Liverpool,D,0.0,1.0,A,A Taylor,9.0,28.0,5.0,7.0,9.0,10.0,6.0,11.0,5.0,2.0,0.0,0.0,20240407.0,Premier League
2024-04-07,2023/24,Sheffield United,Chelsea,D,1.0,1.0,D,R Jones,11.0,6.0,6.0,3.0,12.0,10.0,7.0,6.0,4.0,2.0,0.0,0.0,20240407.0,Premier League
2024-04-07,2023/24,Tottenham,Nott'm Forest,H,1.0,1.0,D,S Hooper,17.0,13.0,7.0,6.0,11.0,12.0,12.0,2.0,2.0,3.0,0.0,0.0,20240407.0,Premier League
2024-04-06,2023/24,Luton,Bournemouth,H,0.0,0.0,D,A Madley,19.0,8.0,9.0,1.0,7.0,14.0,7.0,2.0,0.0,0.0,0.0,0.0,20240406.0,Premier League
2024-04-06,2023/24,Fulham,Newcastle,A,0.0,0.0,D,S Allison,14.0,12.0,4.0,5.0,10.0,13.0,14.0,3.0,1.0,2.0,0.0,0.0,20240406.0,Premier League
2024-04-06,2023/24,Crystal Palace,Man City,A,1.0,1.0,D,P Tierney,7.0,18.0,4.0,8.0,13.0,3.0,2.0,9.0,1.0,1.0,0.0,0.0,20240406.0,Premier League
2024-04-06,2023/24,Wolves,West Ham,A,1.0,0.0,H,T Harrington,14.0,11.0,7.0,4.0,15.0,7.0,4.0,4.0,5.0,2.0,0.0,0.0,20240406.0,Premier League
2024-04-06,2023/24,Brighton,Arsenal,A,0.0,1.0,A,J Brooks,10.0,20.0,2.0,7.0,14.0,13.0,8.0,7.0,1.0,2.0,0.0,0.0,20240406.0,Premier League
2024-04-06,2023/24,Everton,Burnley,H,1.0,0.0,H,M Oliver,12.0,6.0,3.0,1.0,11.0,13.0,3.0,5.0,2.0,1.0,0.0,1.0,20240406.0,Premier League
2024-04-06,2023/24,Aston Villa,Brentford,D,1.0,0.0,H,M Salisbury,11.0,8.0,3.0,3.0,15.0,11.0,11.0,3.0,2.0,2.0,0.0,0.0,20240406.0,Premier League
2024-04-04,2023/24,Liverpool,Sheffield United,H,1.0,0.0,H,S Attwell,29.0,8.0,9.0,3.0,6.0,9.0,13.0,1.0,0.0,1.0,0.0,0.0,20240404.0,Premier League
2024-04-04,2023/24,Chelsea,Man United,H,2.0,2.0,D,J Gillett,28.0,19.0,10.0,5.0,7.0,15.0,12.0,3.0,3.0,0.0,0.0,0.0,20240404.0,Premier League
2024-04-03,2023/24,Man City,Aston Villa,H,2.0,1.0,H,D England,25.0,8.0,11.0,3.0,6.0,13.0,2.0,3.0,1.0,2.0,0.0,0.0,20240403.0,Premier League
2024-04-03,2023/24,Arsenal,Luton,H,2.0,0.0,H,C Pawson,13.0,5.0,4.0,1.0,12.0,8.0,3.0,1.0,1.0,1.0,0.0,0.0,20240403.0,Premier League
2024-04-03,2023/24,Brentford,Brighton,D,0.0,0.0,D,A Madley,5.0,24.0,2.0,6.0,9.0,12.0,1.0,5.0,1.0,1.0,0.0,0.0,20240403.0,Premier League
2024-04-02,2023/24,Newcastle,Everton,D,1.0,0.0,H,T Harrington,18.0,10.0,6.0,3.0,9.0,14.0,7.0,3.0,0.0,3.0,0.0,0.0,20240402.0,Premier League
2024-04-02,2023/24,Nott'm Forest,Fulham,H,3.0,0.0,H,M Oliver,16.0,18.0,4.0,3.0,7.0,8.0,3.0,8.0,0.0,0.0,0.0,0.0,20240402.0,Premier League
2024-04-02,2023/24,Bournemouth,Crystal Palace,H,0.0,0.0,D,G Scott,11.0,3.0,6.0,2.0,13.0,14.0,9.0,2.0,3.0,2.0,0.0,0.0,20240402.0,Premier League
2024-04-02,2023/24,West Ham,Tottenham,D,1.0,1.0,D,J Brooks,11.0,13.0,4.0,4.0,13.0,9.0,9.0,5.0,1.0,4.0,0.0,0.0,20240402.0,Premier League
2024-04-02,2023/24,Burnley,Wolves,D,1.0,1.0,D,T Bramall,13.0,8.0,6.0,2.0,10.0,12.0,7.0,4.0,0.0,2.0,0.0,0.0,20240402.0,Premier League
2024-03-31,2023/24,Liverpool,Brighton,H,1.0,1.0,D,D Coote,30.0,9.0,8.0,3.0,20.0,6.0,8.0,4.0,5.0,3.0,0.0,0.0,20240331.0,Premier League
2024-03-31,2023/24,Man City,Arsenal,D,0.0,0.0,D,A Taylor,12.0,6.0,1.0,2.0,9.0,20.0,7.0,4.0,0.0,2.0,0.0,0.0,20240331.0,Premier League
2024-03-30,2023/24,Bournemouth,Everton,H,0.0,0.0,D,S Barrott,11.0,7.0,4.0,3.0,14.0,11.0,9.0,8.0,1.0,2.0,0.0,0.0,20240330.0,Premier League
2024-03-30,2023/24,Chelsea,Burnley,D,1.0,0.0,H,D England,33.0,18.0,13.0,7.0,12.0,7.0,12.0,4.0,2.0,2.0,0.0,1.0,20240330.0,Premier League
2024-03-30,2023/24,Sheffield United,Fulham,D,0.0,0.0,D,T Robinson,8.0,24.0,4.0,9.0,10.0,13.0,2.0,15.0,4.0,1.0,0.0,0.0,20240330.0,Premier League
2024-03-30,2023/24,Nott'm Forest,Crystal Palace,D,0.0,1.0,A,C Kavanagh,12.0,10.0,5.0,3.0,14.0,12.0,4.0,6.0,1.0,1.0,0.0,0.0,20240330.0,Premier League
2024-03-30,2023/24,Tottenham,Luton,H,0.0,1.0,A,J Gillett,17.0,7.0,4.0,3.0,16.0,14.0,3.0,6.0,2.0,4.0,0.0,0.0,20240330.0,Premier League
2024-03-30,2023/24,Newcastle,West Ham,H,1.0,2.0,A,R Jones,24.0,10.0,9.0,4.0,9.0,8.0,3.0,4.0,1.0,1.0,1.0,0.0,20240330.0,Premier League
2024-03-30,2023/24,Aston Villa,Wolves,H,1.0,0.0,H,P Tierney,11.0,13.0,5.0,3.0,11.0,19.0,5.0,4.0,3.0,4.0,0.0,0.0,20240330.0,Premier League
2024-03-30,2023/24,Brentford,Man United,D,0.0,0.0,D,S Hooper,31.0,11.0,5.0,5.0,7.0,14.0,14.0,4.0,2.0,2.0,0.0,0.0,20240330.0,Premier League
2024-03-17,2023/24,West Ham,Aston Villa,D,1.0,0.0,H,J Gillett,13.0,13.0,5.0,5.0,13.0,12.0,7.0,11.0,3.0,3.0,0.0,0.0,20240317.0,Premier League
2024-03-16,2023/24,Luton,Nott'm Forest,D,0.0,1.0,A,D England,10.0,16.0,4.0,6.0,10.0,17.0,6.0,7.0,1.0,2.0,0.0,0.0,20240316.0,Premier League
2024-03-16,2023/24,Burnley,Brentford,H,1.0,0.0,H,D Bond,17.0,9.0,6.0,5.0,14.0,17.0,5.0,4.0,2.0,4.0,0.0,1.0,20240316.0,Premier League
2024-03-16,2023/24,Fulham,Tottenham,H,1.0,0.0,H,R Jones,16.0,14.0,7.0,5.0,9.0,10.0,4.0,5.0,2.0,3.0,0.0,0.0,20240316.0,Premier League
2024-03-13,2023/24,Bournemouth,Luton,H,0.0,3.0,A,S Allison,24.0,8.0,10.0,4.0,16.0,11.0,11.0,3.0,1.0,2.0,0.0,0.0,20240313.0,Premier League
2024-03-11,2023/24,Chelsea,Newcastle,H,1.0,1.0,D,J Brooks,12.0,11.0,8.0,3.0,12.0,7.0,0.0,4.0,3.0,1.0,0.0,0.0,20240311.0,Premier League
2024-03-10,2023/24,Brighton,Nott'm Forest,H,1.0,0.0,H,M Salisbury,10.0,9.0,3.0,4.0,14.0,14.0,6.0,3.0,4.0,4.0,0.0,0.0,20240310.0,Premier League
2024-03-10,2023/24,Liverpool,Man City,D,0.0,1.0,A,M Oliver,19.0,10.0,6.0,6.0,6.0,10.0,7.0,4.0,0.0,3.0,0.0,0.0,20240310.0,Premier League
2024-03-10,2023/24,Aston Villa,Tottenham,A,0.0,0.0,D,C Kavanagh,10.0,9.0,1.0,5.0,11.0,15.0,6.0,4.0,0.0,2.0,1.0,0.0,20240310.0,Premier League
2024-03-10,2023/24,West Ham,Burnley,D,0.0,2.0,A,D England,22.0,11.0,4.0,4.0,11.0,18.0,4.0,4.0,2.0,4.0,0.0,0.0,20240310.0,Premier League
2024-03-09,2023/24,Arsenal,Brentford,H,1.0,1.0,D,R Jones,17.0,9.0,6.0,4.0,9.0,10.0,10.0,4.0,2.0,4.0,0.0,0.0,20240309.0,Premier League
2024-03-09,2023/24,Man United,Everton,H,2.0,0.0,H,S Hooper,15.0,23.0,8.0,6.0,13.0,11.0,5.0,8.0,1.0,2.0,0.0,0.0,20240309.0,Premier League
2024-03-09,2023/24,Wolves,Fulham,H,0.0,0.0,D,T Harrington,8.0,23.0,3.0,6.0,7.0,11.0,3.0,4.0,2.0,2.0,0.0,0.0,20240309.0,Premier League
2024-03-09,2023/24,Crystal Palace,Luton,D,1.0,0.0,H,S Singh,21.0,8.0,4.0,2.0,20.0,11.0,8.0,6.0,2.0,3.0,0.0,0.0,20240309.0,Premier League
2024-03-09,2023/24,Bournemouth,Sheffield United,D,0.0,1.0,A,A Taylor,32.0,13.0,12.0,9.0,12.0,11.0,10.0,3.0,3.0,5.0,0.0,0.0,20240309.0,Premier League
2024-03-04,2023/24,Sheffield United,Arsenal,A,0.0,5.0,A,S Barrott,4.0,22.0,0.0,10.0,11.0,4.0,0.0,7.0,1.0,0.0,0.0,0.0,20240304.0,Premier League
2024-03-03,2023/24,Man City,Man United,H,0.0,1.0,A,A Madley,27.0,3.0,8.0,1.0,5.0,10.0,15.0,2.0,0.0,1.0,0.0,0.0,20240303.0,Premier League
2024-03-03,2023/24,Burnley,Bournemouth,A,0.0,1.0,A,D Coote,20.0,10.0,6.0,3.0,8.0,13.0,7.0,2.0,2.0,4.0,0.0,0.0,20240303.0,Premier League
2024-03-02,2023/24,Nott'm Forest,Liverpool,A,0.0,0.0,D,P Tierney,8.0,22.0,2.0,2.0,11.0,12.0,3.0,12.0,2.0,2.0,0.0,0.0,20240302.0,Premier League
2024-03-02,2023/24,Brentford,Chelsea,D,0.0,1.0,A,J Gillett,14.0,17.0,5.0,6.0,10.0,9.0,0.0,6.0,3.0,1.0,0.0,0.0,20240302.0,Premier League
2024-03-02,2023/24,Fulham,Brighton,H,2.0,0.0,H,S Hooper,12.0,15.0,5.0,5.0,16.0,10.0,2.0,6.0,1.0,2.0,0.0,0.0,20240302.0,Premier League
2024-03-02,2023/24,Everton,West Ham,A,0.0,0.0,D,C Pawson,22.0,12.0,11.0,5.0,9.0,6.0,4.0,5.0,1.0,2.0,0.0,0.0,20240302.0,Premier League
2024-03-02,2023/24,Newcastle,Wolves,H,2.0,0.0,H,T Robinson,14.0,12.0,7.0,3.0,8.0,11.0,3.0,5.0,0.0,1.0,0.0,0.0,20240302.0,Premier League
2024-03-02,2023/24,Tottenham,Crystal Palace,H,0.0,0.0,D,J Brooks,14.0,4.0,6.0,1.0,7.0,16.0,11.0,1.0,1.0,2.0,0.0,0.0,20240302.0,Premier League
2024-03-02,2023/24,Luton,Aston Villa,A,0.0,2.0,A,M Oliver,13.0,12.0,5.0,8.0,8.0,19.0,8.0,6.0,1.0,4.0,0.0,0.0,20240302.0,Premier League
2024-02-26,2023/24,West Ham,Brentford,H,2.0,1.0,H,S Hooper,17.0,14.0,6.0,8.0,5.0,9.0,1.0,7.0,1.0,2.0,0.0,0.0,20240226.0,Premier League
2024-02-25,2023/24,Wolves,Sheffield United,H,1.0,0.0,H,D Bond,13.0,12.0,2.0,4.0,8.0,4.0,5.0,6.0,2.0,1.0,0.0,0.0,20240225.0,Premier League
2024-02-24,2023/24,Aston Villa,Nott'm Forest,H,3.0,1.0,H,S Barrott,16.0,10.0,6.0,3.0,7.0,16.0,7.0,2.0,1.0,2.0,0.0,0.0,20240224.0,Premier League
2024-02-24,2023/24,Man United,Fulham,A,0.0,0.0,D,M Oliver,21.0,17.0,9.0,5.0,6.0,11.0,10.0,9.0,2.0,5.0,0.0,0.0,20240224.0,Premier League
2024-02-24,2023/24,Brighton,Everton,D,0.0,0.0,D,T Harrington,23.0,6.0,7.0,3.0,9.0,14.0,11.0,3.0,2.0,3.0,1.0,0.0,20240224.0,Premier League
2024-02-24,2023/24,Bournemouth,Man City,A,0.0,1.0,A,J Gillett,13.0,15.0,4.0,6.0,14.0,6.0,3.0,8.0,2.0,2.0,0.0,0.0,20240224.0,Premier League
2024-02-24,2023/24,Crystal Palace,Burnley,H,0.0,0.0,D,L Smith,15.0,2.0,6.0,0.0,8.0,13.0,12.0,3.0,3.0,1.0,0.0,1.0,20240224.0,Premier League
2024-02-24,2023/24,Arsenal,Newcastle,H,2.0,0.0,H,P Tierney,18.0,3.0,8.0,2.0,15.0,6.0,9.0,0.0,1.0,0.0,0.0,0.0,20240224.0,Premier League
2024-02-21,2023/24,Liverpool,Luton,H,0.0,1.0,A,A Madley,29.0,12.0,13.0,3.0,15.0,14.0,13.0,4.0,1.0,4.0,0.0,0.0,20240221.0,Premier League
2024-02-20,2023/24,Man City,Brentford,H,0.0,0.0,D,D England,25.0,6.0,11.0,2.0,12.0,6.0,10.0,1.0,2.0,4.0,0.0,0.0,20240220.0,Premier League
2024-02-19,2023/24,Everton,Crystal Palace,D,0.0,0.0,D,P Tierney,19.0,10.0,4.0,4.0,8.0,12.0,3.0,6.0,0.0,2.0,0.0,0.0,20240219.0,Premier League
2024-02-18,2023/24,Luton,Man United,A,1.0,2.0,A,D Coote,22.0,21.0,4.0,9.0,7.0,21.0,8.0,6.0,3.0,5.0,0.0,0.0,20240218.0,Premier League
2024-02-18,2023/24,Sheffield United,Brighton,A,0.0,2.0,A,S Attwell,6.0,24.0,1.0,10.0,3.0,5.0,5.0,10.0,1.0,4.0,1.0,0.0,20240218.0,Premier League
2024-02-17,2023/24,Burnley,Arsenal,A,0.0,2.0,A,J Gillett,8.0,16.0,0.0,7.0,11.0,8.0,4.0,6.0,2.0,1.0,0.0,0.0,20240217.0,Premier League
2024-02-17,2023/24,Tottenham,Wolves,A,0.0,1.0,A,A Taylor,15.0,12.0,4.0,7.0,8.0,13.0,10.0,4.0,0.0,1.0,0.0,0.0,20240217.0,Premier League
2024-02-17,2023/24,Brentford,Liverpool,A,0.0,1.0,A,M Oliver,15.0,15.0,6.0,8.0,4.0,18.0,1.0,6.0,2.0,1.0,0.0,0.0,20240217.0,Premier League
2024-02-17,2023/24,Fulham,Aston Villa,A,0.0,1.0,A,L Smith,15.0,12.0,4.0,3.0,11.0,6.0,4.0,4.0,5.0,2.0,0.0,0.0,20240217.0,Premier League
2024-02-17,2023/24,Newcastle,Bournemouth,D,0.0,0.0,D,M Salisbury,17.0,12.0,5.0,7.0,9.0,22.0,4.0,2.0,1.0,3.0,0.0,0.0,20240217.0,Premier League
2024-02-17,2023/24,Man City,Chelsea,D,0.0,1.0,A,A Madley,31.0,9.0,5.0,6.0,7.0,12.0,12.0,1.0,1.0,3.0,0.0,0.0,20240217.0,Premier League
2024-02-17,2023/24,Nott'm Forest,West Ham,H,1.0,0.0,H,T Bramall,19.0,10.0,8.0,3.0,13.0,15.0,5.0,3.0,4.0,4.0,0.0,1.0,20240217.0,Premier League
2024-02-12,2023/24,Crystal Palace,Chelsea,A,1.0,0.0,H,M Oliver,13.0,14.0,4.0,5.0,14.0,7.0,1.0,7.0,2.0,2.0,0.0,0.0,20240212.0,Premier League
2024-02-11,2023/24,West Ham,Arsenal,A,0.0,4.0,A,C Pawson,5.0,25.0,1.0,12.0,17.0,11.0,2.0,6.0,4.0,0.0,0.0,0.0,20240211.0,Premier League
2024-02-11,2023/24,Aston Villa,Man United,A,0.0,1.0,A,R Jones,23.0,17.0,10.0,5.0,9.0,7.0,10.0,8.0,3.0,2.0,0.0,0.0,20240211.0,Premier League
2024-02-10,2023/24,Man City,Everton,H,0.0,0.0,D,J Brooks,19.0,5.0,3.0,1.0,6.0,11.0,9.0,0.0,0.0,2.0,0.0,0.0,20240210.0,Premier League
2024-02-10,2023/24,Nott'm Forest,Newcastle,A,2.0,2.0,D,A Taylor,13.0,7.0,3.0,5.0,9.0,6.0,4.0,4.0,1.0,2.0,0.0,0.0,20240210.0,Premier League
2024-02-10,2023/24,Liverpool,Burnley,H,1.0,1.0,D,T Robinson,25.0,9.0,10.0,4.0,11.0,13.0,9.0,3.0,3.0,2.0,0.0,0.0,20240210.0,Premier League
2024-02-10,2023/24,Luton,Sheffield United,A,0.0,2.0,A,C Kavanagh,20.0,7.0,5.0,3.0,7.0,12.0,13.0,1.0,1.0,2.0,0.0,0.0,20240210.0,Premier League
2024-02-10,2023/24,Wolves,Brentford,A,0.0,1.0,A,S Hooper,17.0,9.0,5.0,6.0,11.0,9.0,7.0,4.0,2.0,3.0,0.0,0.0,20240210.0,Premier League
2024-02-10,2023/24,Fulham,Bournemouth,H,2.0,0.0,H,D England,7.0,25.0,6.0,4.0,11.0,11.0,1.0,14.0,1.0,2.0,0.0,0.0,20240210.0,Premier League
2024-02-10,2023/24,Tottenham,Brighton,H,0.0,1.0,A,S Barrott,16.0,6.0,6.0,3.0,14.0,13.0,9.0,6.0,2.0,3.0,0.0,0.0,20240210.0,Premier League
2024-02-05,2023/24,Brentford,Man City,A,1.0,1.0,D,J Gillett,9.0,25.0,3.0,15.0,2.0,4.0,8.0,13.0,1.0,0.0,0.0,0.0,20240205.0,Premier League
2024-02-04,2023/24,Arsenal,Liverpool,H,1.0,1.0,D,A Taylor,15.0,10.0,7.0,1.0,11.0,11.0,2.0,4.0,6.0,2.0,0.0,1.0,20240204.0,Premier League
2024-02-04,2023/24,Bournemouth,Nott'm Forest,D,1.0,1.0,D,R Welch,9.0,8.0,2.0,6.0,19.0,12.0,11.0,6.0,3.0,2.0,1.0,0.0,20240204.0,Premier League
2024-02-04,2023/24,Man United,West Ham,H,1.0,0.0,H,A Madley,12.0,22.0,5.0,3.0,10.0,5.0,5.0,8.0,0.0,1.0,0.0,0.0,20240204.0,Premier League
2024-02-04,2023/24,Chelsea,Wolves,A,1.0,2.0,A,T Robinson,15.0,14.0,6.0,7.0,15.0,11.0,10.0,1.0,3.0,2.0,0.0,0.0,20240204.0,Premier League
2024-02-03,2023/24,Everton,Tottenham,D,1.0,2.0,A,M Oliver,14.0,9.0,5.0,6.0,8.0,14.0,9.0,5.0,3.0,0.0,0.0,0.0,20240203.0,Premier League
2024-02-03,2023/24,Burnley,Fulham,D,0.0,2.0,A,D Bond,12.0,15.0,4.0,7.0,11.0,7.0,2.0,13.0,2.0,2.0,0.0,0.0,20240203.0,Premier League
2024-02-03,2023/24,Sheffield United,Aston Villa,A,0.0,4.0,A,P Tierney,10.0,14.0,5.0,10.0,10.0,7.0,3.0,4.0,1.0,0.0,0.0,0.0,20240203.0,Premier League
2024-02-03,2023/24,Newcastle,Luton,D,2.0,2.0,D,T Bramall,19.0,11.0,6.0,8.0,13.0,16.0,8.0,2.0,2.0,2.0,0.0,0.0,20240203.0,Premier League
2024-02-03,2023/24,Brighton,Crystal Palace,H,3.0,0.0,H,S Hooper,13.0,7.0,6.0,5.0,8.0,14.0,3.0,2.0,1.0,3.0,0.0,0.0,20240203.0,Premier League
2024-02-01,2023/24,West Ham,Bournemouth,D,0.0,1.0,A,T Robinson,9.0,9.0,3.0,4.0,13.0,11.0,1.0,5.0,1.0,3.0,0.0,0.0,20240201.0,Premier League
2024-02-01,2023/24,Wolves,Man United,A,0.0,2.0,A,J Gillett,16.0,21.0,7.0,8.0,10.0,10.0,4.0,5.0,2.0,5.0,0.0,0.0,20240201.0,Premier League
2024-01-31,2023/24,Man City,Burnley,H,2.0,0.0,H,S Barrott,14.0,8.0,4.0,3.0,3.0,13.0,7.0,3.0,2.0,2.0,0.0,0.0,20240131.0,Premier League
2024-01-31,2023/24,Tottenham,Brentford,H,0.0,1.0,A,D Coote,19.0,9.0,5.0,5.0,13.0,15.0,5.0,3.0,2.0,3.0,0.0,0.0,20240131.0,Premier League
2024-01-31,2023/24,Liverpool,Chelsea,H,2.0,0.0,H,P Tierney,28.0,4.0,13.0,3.0,15.0,16.0,8.0,1.0,2.0,4.0,0.0,0.0,20240131.0,Premier League
2024-01-30,2023/24,Nott'm Forest,Arsenal,A,0.0,0.0,D,S Hooper,9.0,19.0,3.0,3.0,6.0,7.0,2.0,11.0,0.0,1.0,0.0,0.0,20240130.0,Premier League
2024-01-30,2023/24,Crystal Palace,Sheffield United,H,2.0,2.0,D,T Harrington,12.0,9.0,4.0,5.0,8.0,18.0,11.0,1.0,1.0,4.0,0.0,0.0,20240130.0,Premier League
2024-01-30,2023/24,Aston Villa,Newcastle,A,0.0,2.0,A,J Brooks,12.0,14.0,6.0,5.0,14.0,12.0,8.0,7.0,4.0,1.0,0.0,0.0,20240130.0,Premier League
2024-01-30,2023/24,Fulham,Everton,D,0.0,0.0,D,T Bramall,25.0,21.0,6.0,4.0,6.0,13.0,15.0,6.0,1.0,2.0,0.0,0.0,20240130.0,Premier League
2024-01-30,2023/24,Luton,Brighton,H,3.0,0.0,H,R Jones,18.0,9.0,8.0,2.0,13.0,14.0,7.0,4.0,2.0,2.0,0.0,0.0,20240130.0,Premier League
2024-01-22,2023/24,Brighton,Wolves,D,0.0,0.0,D,C Pawson,11.0,8.0,4.0,3.0,10.0,13.0,8.0,2.0,1.0,4.0,0.0,0.0,20240122.0,Premier League
2024-01-21,2023/24,Sheffield United,West Ham,D,1.0,1.0,D,M Salisbury,21.0,16.0,6.0,5.0,11.0,10.0,4.0,1.0,3.0,1.0,1.0,1.0,20240121.0,Premier League
2024-01-21,2023/24,Bournemouth,Liverpool,A,0.0,0.0,D,A Madley,11.0,14.0,1.0,7.0,9.0,12.0,8.0,5.0,1.0,2.0,0.0,0.0,20240121.0,Premier League
2024-01-20,2023/24,Brentford,Nott'm Forest,H,1.0,1.0,D,D England,11.0,12.0,5.0,3.0,10.0,14.0,6.0,4.0,1.0,3.0,0.0,0.0,20240120.0,Premier League
2024-01-20,2023/24,Arsenal,Crystal Palace,H,2.0,0.0,H,P Tierney,21.0,12.0,6.0,5.0,8.0,12.0,6.0,7.0,0.0,0.0,0.0,0.0,20240120.0,Premier League
2024-01-14,2023/24,Everton,Aston Villa,D,0.0,0.0,D,D Coote,10.0,16.0,2.0,5.0,13.0,14.0,4.0,5.0,1.0,4.0,0.0,0.0,20240114.0,Premier League
2024-01-14,2023/24,Man United,Tottenham,D,2.0,1.0,H,J Brooks,9.0,16.0,2.0,6.0,8.0,5.0,8.0,13.0,2.0,1.0,0.0,0.0,20240114.0,Premier League
2024-01-13,2023/24,Chelsea,Fulham,H,1.0,0.0,H,A Taylor,17.0,14.0,3.0,4.0,13.0,9.0,6.0,4.0,5.0,1.0,0.0,0.0,20240113.0,Premier League
2024-01-13,2023/24,Newcastle,Man City,A,2.0,1.0,H,C Kavanagh,12.0,27.0,5.0,11.0,7.0,7.0,3.0,13.0,1.0,2.0,0.0,0.0,20240113.0,Premier League
2024-01-12,2023/24,Burnley,Luton,D,1.0,0.0,H,T Harrington,13.0,14.0,7.0,5.0,7.0,12.0,2.0,8.0,1.0,0.0,0.0,0.0,20240112.0,Premier League
2024-01-02,2023/24,West Ham,Brighton,D,0.0,0.0,D,S Barrott,6.0,22.0,2.0,8.0,4.0,6.0,2.0,0.0,1.0,0.0,0.0,0.0,20240102.0,Premier League
2024-01-01,2023/24,Liverpool,Newcastle,H,0.0,0.0,D,A Taylor,34.0,5.0,15.0,3.0,16.0,15.0,7.0,3.0,3.0,5.0,0.0,0.0,20240101.0,Premier League
2023-12-31,2023/24,Fulham,Arsenal,H,1.0,1.0,D,J Smith,15.0,13.0,4.0,3.0,11.0,10.0,5.0,4.0,4.0,1.0,0.0,0.0,20231231.0,Premier League
2023-12-31,2023/24,Tottenham,Bournemouth,H,1.0,0.0,H,S Hooper,12.0,24.0,6.0,4.0,9.0,18.0,4.0,13.0,3.0,3.0,0.0,0.0,20231231.0,Premier League
2023-12-30,2023/24,Crystal Palace,Brentford,H,2.0,1.0,H,R Jones,13.0,9.0,6.0,4.0,14.0,10.0,7.0,4.0,0.0,1.0,0.0,0.0,20231230.0,Premier League
2023-12-30,2023/24,Nott'm Forest,Man United,H,0.0,0.0,D,T Robinson,8.0,10.0,2.0,5.0,9.0,11.0,4.0,5.0,2.0,4.0,0.0,0.0,20231230.0,Premier League
2023-12-30,2023/24,Man City,Sheffield United,H,1.0,0.0,H,D Coote,18.0,4.0,4.0,2.0,5.0,6.0,12.0,2.0,1.0,1.0,0.0,0.0,20231230.0,Premier League
2023-12-30,2023/24,Wolves,Everton,H,1.0,0.0,H,T Bramall,12.0,10.0,6.0,0.0,9.0,14.0,5.0,2.0,2.0,3.0,0.0,0.0,20231230.0,Premier League
2023-12-30,2023/24,Luton,Chelsea,A,0.0,2.0,A,P Tierney,15.0,12.0,6.0,8.0,14.0,21.0,7.0,2.0,2.0,2.0,0.0,0.0,20231230.0,Premier League
2023-12-30,2023/24,Aston Villa,Burnley,H,2.0,1.0,H,S Attwell,19.0,9.0,7.0,5.0,9.0,14.0,6.0,2.0,4.0,1.0,0.0,1.0,20231230.0,Premier League
2023-12-28,2023/24,Brighton,Tottenham,H,2.0,0.0,H,J Gillett,15.0,19.0,9.0,3.0,18.0,6.0,7.0,6.0,3.0,2.0,0.0,0.0,20231228.0,Premier League
2023-12-28,2023/24,Arsenal,West Ham,A,0.0,1.0,A,M Oliver,30.0,6.0,8.0,3.0,8.0,8.0,10.0,3.0,2.0,0.0,0.0,0.0,20231228.0,Premier League
2023-12-27,2023/24,Everton,Man City,A,1.0,0.0,H,J Brooks,7.0,23.0,2.0,9.0,13.0,5.0,8.0,4.0,4.0,2.0,0.0,0.0,20231227.0,Premier League
2023-12-27,2023/24,Chelsea,Crystal Palace,H,1.0,1.0,D,M Salisbury,9.0,13.0,4.0,5.0,13.0,16.0,4.0,3.0,3.0,2.0,0.0,0.0,20231227.0,Premier League
2023-12-27,2023/24,Brentford,Wolves,A,1.0,3.0,A,A Madley,14.0,11.0,4.0,5.0,5.0,14.0,8.0,2.0,1.0,1.0,0.0,0.0,20231227.0,Premier League
2023-12-26,2023/24,Newcastle,Nott'm Forest,A,1.0,1.0,D,C Kavanagh,19.0,15.0,7.0,6.0,10.0,11.0,10.0,2.0,3.0,3.0,0.0,0.0,20231226.0,Premier League
2023-12-26,2023/24,Sheffield United,Luton,A,0.0,1.0,A,S Allison,21.0,12.0,6.0,4.0,13.0,13.0,9.0,4.0,5.0,0.0,0.0,0.0,20231226.0,Premier League
2023-12-26,2023/24,Bournemouth,Fulham,H,1.0,0.0,H,T Robinson,16.0,8.0,4.0,3.0,10.0,10.0,6.0,5.0,0.0,2.0,0.0,0.0,20231226.0,Premier League
2023-12-26,2023/24,Man United,Aston Villa,H,0.0,2.0,A,C Pawson,13.0,10.0,7.0,4.0,10.0,10.0,3.0,6.0,1.0,3.0,0.0,0.0,20231226.0,Premier League
2023-12-26,2023/24,Burnley,Liverpool,A,0.0,1.0,A,P Tierney,9.0,19.0,0.0,10.0,7.0,10.0,4.0,4.0,2.0,1.0,0.0,0.0,20231226.0,Premier League
2023-12-24,2023/24,Wolves,Chelsea,H,0.0,0.0,D,D Coote,14.0,16.0,6.0,5.0,11.0,9.0,10.0,6.0,3.0,5.0,0.0,0.0,20231224.0,Premier League
2023-12-23,2023/24,Tottenham,Everton,H,2.0,0.0,H,S Attwell,13.0,18.0,6.0,8.0,6.0,18.0,3.0,8.0,1.0,4.0,0.0,0.0,20231223.0,Premier League
2023-12-23,2023/24,Liverpool,Arsenal,D,1.0,1.0,D,C Kavanagh,13.0,13.0,3.0,2.0,13.0,14.0,4.0,5.0,2.0,5.0,0.0,0.0,20231223.0,Premier League
2023-12-23,2023/24,Nott'm Forest,Bournemouth,A,0.0,0.0,D,R Jones,11.0,18.0,5.0,7.0,10.0,10.0,6.0,6.0,0.0,3.0,1.0,0.0,20231223.0,Premier League
2023-12-23,2023/24,West Ham,Man United,H,0.0,0.0,D,S Hooper,12.0,11.0,5.0,3.0,13.0,15.0,4.0,4.0,2.0,3.0,0.0,0.0,20231223.0,Premier League
2023-12-23,2023/24,Luton,Newcastle,H,1.0,0.0,H,D England,16.0,15.0,5.0,2.0,11.0,5.0,6.0,7.0,2.0,1.0,0.0,0.0,20231223.0,Premier League
2023-12-23,2023/24,Fulham,Burnley,A,0.0,0.0,D,R Welch,19.0,7.0,5.0,2.0,5.0,17.0,8.0,6.0,2.0,1.0,0.0,0.0,20231223.0,Premier League
2023-12-22,2023/24,Aston Villa,Sheffield United,D,0.0,0.0,D,A Taylor,12.0,5.0,4.0,2.0,11.0,16.0,9.0,1.0,3.0,3.0,0.0,0.0,20231222.0,Premier League
2023-12-21,2023/24,Crystal Palace,Brighton,D,1.0,0.0,H,J Brooks,11.0,18.0,3.0,6.0,12.0,11.0,3.0,1.0,5.0,2.0,0.0,0.0,20231221.0,Premier League
2023-12-17,2023/24,Brentford,Aston Villa,A,1.0,0.0,H,D Coote,4.0,15.0,3.0,5.0,19.0,6.0,7.0,12.0,6.0,4.0,1.0,1.0,20231217.0,Premier League
2023-12-17,2023/24,Liverpool,Man United,D,0.0,0.0,D,M Oliver,34.0,6.0,8.0,1.0,13.0,8.0,12.0,0.0,2.0,4.0,0.0,1.0,20231217.0,Premier League
2023-12-17,2023/24,West Ham,Wolves,H,2.0,0.0,H,C Kavanagh,13.0,14.0,4.0,3.0,12.0,15.0,6.0,6.0,3.0,1.0,0.0,0.0,20231217.0,Premier League
2023-12-17,2023/24,Arsenal,Brighton,H,0.0,0.0,D,T Robinson,26.0,6.0,9.0,1.0,11.0,9.0,10.0,1.0,1.0,3.0,0.0,0.0,20231217.0,Premier League
2023-12-16,2023/24,Newcastle,Fulham,H,0.0,0.0,D,S Barrott,27.0,6.0,10.0,4.0,7.0,12.0,5.0,1.0,0.0,2.0,0.0,1.0,20231216.0,Premier League
2023-12-16,2023/24,Burnley,Everton,A,0.0,2.0,A,A Taylor,14.0,9.0,2.0,6.0,9.0,8.0,8.0,6.0,0.0,1.0,0.0,0.0,20231216.0,Premier League
2023-12-16,2023/24,Chelsea,Sheffield United,H,0.0,0.0,D,A Madley,15.0,6.0,6.0,1.0,9.0,14.0,7.0,6.0,1.0,3.0,0.0,0.0,20231216.0,Premier League
2023-12-16,2023/24,Man City,Crystal Palace,D,1.0,0.0,H,P Tierney,19.0,5.0,9.0,2.0,12.0,9.0,6.0,1.0,1.0,1.0,0.0,0.0,20231216.0,Premier League
2023-12-15,2023/24,Nott'm Forest,Tottenham,A,0.0,1.0,A,J Gillett,15.0,12.0,1.0,6.0,16.0,11.0,6.0,4.0,2.0,4.0,0.0,1.0,20231215.0,Premier League
2023-12-10,2023/24,Luton,Man City,A,1.0,0.0,H,T Robinson,4.0,18.0,2.0,6.0,16.0,6.0,6.0,3.0,2.0,1.0,0.0,0.0,20231210.0,Premier League
2023-12-10,2023/24,Tottenham,Newcastle,H,2.0,0.0,H,C Kavanagh,23.0,9.0,12.0,3.0,10.0,12.0,3.0,6.0,1.0,3.0,0.0,0.0,20231210.0,Premier League
2023-12-10,2023/24,Fulham,West Ham,H,3.0,0.0,H,P Tierney,14.0,9.0,8.0,5.0,5.0,10.0,3.0,6.0,2.0,1.0,0.0,0.0,20231210.0,Premier League
2023-12-10,2023/24,Everton,Chelsea,H,0.0,0.0,D,M Oliver,9.0,16.0,5.0,4.0,12.0,12.0,4.0,8.0,2.0,2.0,0.0,0.0,20231210.0,Premier League
2023-12-09,2023/24,Wolves,Nott'm Forest,D,1.0,1.0,D,S Barrott,10.0,8.0,4.0,2.0,9.0,11.0,4.0,3.0,0.0,1.0,0.0,0.0,20231209.0,Premier League
2023-12-09,2023/24,Aston Villa,Arsenal,H,1.0,0.0,H,J Gillett,10.0,12.0,3.0,5.0,16.0,11.0,3.0,3.0,4.0,2.0,0.0,0.0,20231209.0,Premier League
2023-12-09,2023/24,Brighton,Burnley,D,0.0,1.0,A,S Hooper,29.0,6.0,11.0,3.0,5.0,8.0,9.0,1.0,0.0,4.0,0.0,0.0,20231209.0,Premier League
2023-12-09,2023/24,Man United,Bournemouth,A,0.0,1.0,A,P Bankes,20.0,10.0,3.0,4.0,7.0,10.0,10.0,4.0,3.0,1.0,0.0,0.0,20231209.0,Premier League
2023-12-09,2023/24,Crystal Palace,Liverpool,A,0.0,0.0,D,A Madley,8.0,14.0,4.0,2.0,17.0,17.0,6.0,5.0,5.0,2.0,1.0,0.0,20231209.0,Premier League
2023-12-09,2023/24,Sheffield United,Brentford,H,1.0,0.0,H,S Attwell,9.0,10.0,4.0,4.0,14.0,13.0,3.0,4.0,5.0,1.0,0.0,0.0,20231209.0,Premier League
2023-12-07,2023/24,Tottenham,West Ham,A,1.0,0.0,H,M Salisbury,23.0,11.0,7.0,5.0,11.0,12.0,8.0,4.0,3.0,3.0,0.0,0.0,20231207.0,Premier League
2023-12-07,2023/24,Everton,Newcastle,H,0.0,0.0,D,T Robinson,21.0,13.0,6.0,3.0,18.0,8.0,5.0,2.0,3.0,0.0,0.0,0.0,20231207.0,Premier League
2023-12-06,2023/24,Aston Villa,Man City,H,0.0,0.0,D,J Brooks,22.0,2.0,7.0,2.0,13.0,13.0,6.0,0.0,2.0,2.0,0.0,0.0,20231206.0,Premier League
2023-12-06,2023/24,Brighton,Brentford,H,1.0,1.0,D,P Bankes,18.0,8.0,7.0,2.0,10.0,8.0,7.0,3.0,3.0,1.0,0.0,0.0,20231206.0,Premier League
2023-12-06,2023/24,Sheffield United,Liverpool,A,0.0,1.0,A,S Hooper,6.0,15.0,1.0,8.0,12.0,8.0,2.0,12.0,2.0,3.0,0.0,0.0,20231206.0,Premier League
2023-12-06,2023/24,Man United,Chelsea,H,1.0,1.0,D,C Kavanagh,28.0,13.0,9.0,3.0,12.0,12.0,12.0,4.0,4.0,0.0,0.0,0.0,20231206.0,Premier League
2023-12-06,2023/24,Fulham,Nott'm Forest,H,2.0,0.0,H,J Smith,14.0,4.0,6.0,1.0,7.0,10.0,6.0,1.0,0.0,1.0,0.0,0.0,20231206.0,Premier League
2023-12-06,2023/24,Crystal Palace,Bournemouth,A,0.0,1.0,A,C Pawson,16.0,11.0,3.0,4.0,10.0,17.0,3.0,9.0,1.0,3.0,0.0,0.0,20231206.0,Premier League
2023-12-05,2023/24,Luton,Arsenal,A,1.0,2.0,A,S Barrott,6.0,23.0,4.0,9.0,14.0,7.0,3.0,8.0,2.0,1.0,0.0,0.0,20231205.0,Premier League
2023-12-05,2023/24,Wolves,Burnley,H,1.0,0.0,H,J Gillett,7.0,12.0,4.0,3.0,11.0,15.0,6.0,8.0,2.0,4.0,0.0,0.0,20231205.0,Premier League
2023-12-03,2023/24,West Ham,Crystal Palace,D,1.0,0.0,H,M Oliver,9.0,9.0,3.0,2.0,17.0,7.0,2.0,3.0,2.0,0.0,0.0,0.0,20231203.0,Premier League
2023-12-03,2023/24,Man City,Tottenham,D,2.0,1.0,H,S Hooper,18.0,8.0,4.0,4.0,14.0,14.0,10.0,8.0,4.0,4.0,0.0,0.0,20231203.0,Premier League
2023-12-03,2023/24,Bournemouth,Aston Villa,D,1.0,1.0,D,T Bramall,15.0,11.0,7.0,3.0,16.0,12.0,7.0,7.0,5.0,3.0,0.0,0.0,20231203.0,Premier League
2023-12-03,2023/24,Liverpool,Fulham,H,2.0,2.0,D,S Attwell,26.0,9.0,12.0,5.0,6.0,7.0,3.0,4.0,0.0,0.0,0.0,0.0,20231203.0,Premier League
2023-12-03,2023/24,Chelsea,Brighton,H,2.0,1.0,H,C Pawson,8.0,18.0,5.0,9.0,16.0,12.0,5.0,8.0,3.0,5.0,1.0,0.0,20231203.0,Premier League
2023-12-02,2023/24,Brentford,Luton,H,0.0,0.0,D,A Taylor,27.0,7.0,6.0,1.0,10.0,8.0,7.0,5.0,1.0,2.0,0.0,0.0,20231202.0,Premier League
2023-12-02,2023/24,Newcastle,Man United,H,0.0,0.0,D,R Jones,22.0,8.0,4.0,1.0,6.0,13.0,7.0,3.0,1.0,2.0,0.0,0.0,20231202.0,Premier League
2023-12-02,2023/24,Arsenal,Wolves,H,2.0,0.0,H,P Bankes,19.0,6.0,6.0,3.0,10.0,10.0,4.0,0.0,1.0,2.0,0.0,0.0,20231202.0,Premier League
2023-12-02,2023/24,Burnley,Sheffield United,H,2.0,0.0,H,C Kavanagh,19.0,6.0,7.0,3.0,9.0,12.0,6.0,1.0,2.0,5.0,0.0,1.0,20231202.0,Premier League
2023-12-02,2023/24,Nott'm Forest,Everton,A,0.0,0.0,D,P Tierney,13.0,12.0,2.0,3.0,15.0,14.0,4.0,3.0,1.0,0.0,0.0,0.0,20231202.0,Premier League
2023-11-27,2023/24,Fulham,Wolves,H,1.0,1.0,D,M Salisbury,12.0,10.0,6.0,6.0,13.0,13.0,6.0,2.0,2.0,2.0,0.0,0.0,20231127.0,Premier League
2023-11-26,2023/24,Tottenham,Aston Villa,A,1.0,1.0,D,R Jones,18.0,15.0,8.0,5.0,11.0,13.0,9.0,3.0,0.0,4.0,0.0,0.0,20231126.0,Premier League
2023-11-26,2023/24,Everton,Man United,A,0.0,1.0,A,J Brooks,24.0,9.0,6.0,4.0,10.0,8.0,6.0,5.0,3.0,0.0,0.0,0.0,20231126.0,Premier League
2023-11-25,2023/24,Sheffield United,Bournemouth,A,0.0,2.0,A,A Madley,10.0,23.0,2.0,11.0,6.0,8.0,4.0,7.0,4.0,1.0,0.0,0.0,20231125.0,Premier League
2023-11-25,2023/24,Newcastle,Chelsea,H,1.0,1.0,D,S Hooper,14.0,7.0,5.0,4.0,13.0,19.0,4.0,2.0,4.0,4.0,0.0,1.0,20231125.0,Premier League
2023-11-25,2023/24,Nott'm Forest,Brighton,A,1.0,2.0,A,A Taylor,18.0,11.0,5.0,5.0,12.0,7.0,6.0,4.0,2.0,4.0,0.0,1.0,20231125.0,Premier League
2023-11-25,2023/24,Burnley,West Ham,A,0.0,0.0,D,S Barrott,11.0,11.0,5.0,3.0,11.0,7.0,4.0,5.0,1.0,3.0,0.0,0.0,20231125.0,Premier League
2023-11-25,2023/24,Luton,Crystal Palace,H,0.0,0.0,D,J Gillett,8.0,16.0,3.0,8.0,15.0,12.0,4.0,5.0,6.0,1.0,0.0,0.0,20231125.0,Premier League
2023-11-25,2023/24,Brentford,Arsenal,A,0.0,0.0,D,T Robinson,9.0,15.0,3.0,4.0,9.0,7.0,1.0,8.0,1.0,1.0,0.0,0.0,20231125.0,Premier League
2023-11-25,2023/24,Man City,Liverpool,D,1.0,0.0,H,C Kavanagh,16.0,8.0,5.0,3.0,9.0,11.0,9.0,6.0,1.0,3.0,0.0,0.0,20231125.0,Premier League
2023-11-12,2023/24,West Ham,Nott'm Forest,H,1.0,1.0,D,M Salisbury,16.0,10.0,6.0,5.0,9.0,12.0,9.0,4.0,2.0,2.0,0.0,0.0,20231112.0,Premier League
2023-11-12,2023/24,Aston Villa,Fulham,H,2.0,0.0,H,S Hooper,12.0,9.0,6.0,5.0,4.0,17.0,2.0,2.0,2.0,5.0,0.0,0.0,20231112.0,Premier League
2023-11-12,2023/24,Liverpool,Brentford,H,1.0,0.0,H,P Tierney,17.0,16.0,10.0,3.0,16.0,12.0,6.0,8.0,1.0,2.0,0.0,0.0,20231112.0,Premier League
2023-11-12,2023/24,Chelsea,Man City,D,2.0,2.0,D,A Taylor,17.0,15.0,9.0,10.0,12.0,15.0,3.0,3.0,5.0,3.0,0.0,0.0,20231112.0,Premier League
2023-11-12,2023/24,Brighton,Sheffield United,D,1.0,0.0,H,J Brooks,11.0,9.0,6.0,1.0,13.0,16.0,6.0,3.0,3.0,2.0,1.0,0.0,20231112.0,Premier League
2023-11-11,2023/24,Man United,Luton,H,0.0,0.0,D,G Scott,15.0,10.0,4.0,4.0,9.0,11.0,11.0,3.0,0.0,2.0,0.0,0.0,20231111.0,Premier League
2023-11-11,2023/24,Wolves,Tottenham,H,0.0,1.0,A,T Robinson,17.0,6.0,4.0,2.0,19.0,15.0,11.0,3.0,4.0,3.0,0.0,0.0,20231111.0,Premier League
2023-11-11,2023/24,Arsenal,Burnley,H,1.0,0.0,H,M Oliver,16.0,8.0,6.0,5.0,8.0,9.0,3.0,3.0,0.0,1.0,1.0,0.0,20231111.0,Premier League
2023-11-11,2023/24,Crystal Palace,Everton,A,1.0,1.0,D,S Barrott,13.0,8.0,4.0,4.0,9.0,18.0,9.0,2.0,1.0,4.0,0.0,0.0,20231111.0,Premier League
2023-11-11,2023/24,Bournemouth,Newcastle,H,0.0,0.0,D,C Kavanagh,19.0,8.0,10.0,5.0,10.0,4.0,6.0,5.0,2.0,1.0,0.0,0.0,20231111.0,Premier League
2023-11-06,2023/24,Tottenham,Chelsea,A,1.0,1.0,D,M Oliver,8.0,17.0,5.0,8.0,12.0,21.0,1.0,6.0,1.0,5.0,2.0,0.0,20231106.0,Premier League
2023-11-05,2023/24,Nott'm Forest,Aston Villa,H,1.0,0.0,H,J Gillett,5.0,13.0,3.0,3.0,6.0,9.0,0.0,10.0,1.0,1.0,0.0,0.0,20231105.0,Premier League
2023-11-05,2023/24,Luton,Liverpool,D,0.0,0.0,D,A Madley,8.0,24.0,5.0,6.0,7.0,13.0,4.0,7.0,1.0,1.0,0.0,0.0,20231105.0,Premier League
2023-11-04,2023/24,Sheffield United,Wolves,H,0.0,0.0,D,R Jones,11.0,10.0,2.0,3.0,13.0,10.0,4.0,4.0,2.0,3.0,0.0,0.0,20231104.0,Premier League
2023-11-04,2023/24,Burnley,Crystal Palace,A,0.0,1.0,A,P Bankes,17.0,4.0,5.0,3.0,9.0,12.0,12.0,1.0,0.0,5.0,0.0,0.0,20231104.0,Premier League
2023-11-04,2023/24,Man City,Bournemouth,H,3.0,0.0,H,C Pawson,21.0,5.0,8.0,1.0,8.0,9.0,12.0,1.0,0.0,1.0,0.0,0.0,20231104.0,Premier League
2023-11-04,2023/24,Fulham,Man United,A,0.0,0.0,D,J Brooks,18.0,12.0,3.0,5.0,9.0,15.0,9.0,4.0,5.0,2.0,0.0,0.0,20231104.0,Premier League
2023-11-04,2023/24,Newcastle,Arsenal,H,0.0,0.0,D,S Attwell,9.0,14.0,2.0,1.0,14.0,9.0,0.0,11.0,5.0,1.0,0.0,0.0,20231104.0,Premier League
2023-11-04,2023/24,Everton,Brighton,D,1.0,0.0,H,T Robinson,10.0,7.0,4.0,2.0,15.0,5.0,3.0,3.0,4.0,2.0,0.0,0.0,20231104.0,Premier League
2023-11-04,2023/24,Brentford,West Ham,H,1.0,2.0,A,T Bramall,16.0,12.0,4.0,2.0,12.0,14.0,4.0,3.0,1.0,4.0,0.0,0.0,20231104.0,Premier League
2023-10-29,2023/24,Liverpool,Nott'm Forest,H,2.0,0.0,H,C Kavanagh,21.0,9.0,8.0,1.0,9.0,13.0,8.0,3.0,2.0,3.0,0.0,0.0,20231029.0,Premier League
2023-10-29,2023/24,Brighton,Fulham,D,1.0,0.0,H,M Salisbury,18.0,10.0,7.0,5.0,12.0,8.0,7.0,3.0,0.0,3.0,0.0,0.0,20231029.0,Premier League
2023-10-29,2023/24,Aston Villa,Luton,H,1.0,0.0,H,J Brooks,17.0,7.0,6.0,1.0,11.0,10.0,6.0,4.0,3.0,2.0,0.0,0.0,20231029.0,Premier League
2023-10-29,2023/24,Man United,Man City,A,0.0,1.0,A,P Tierney,7.0,21.0,3.0,10.0,9.0,4.0,7.0,12.0,4.0,1.0,0.0,0.0,20231029.0,Premier League
2023-10-29,2023/24,West Ham,Everton,A,0.0,0.0,D,S Attwell,12.0,10.0,2.0,4.0,7.0,11.0,4.0,3.0,4.0,1.0,0.0,0.0,20231029.0,Premier League
2023-10-28,2023/24,Bournemouth,Burnley,H,1.0,1.0,D,S Barrott,13.0,6.0,6.0,3.0,9.0,12.0,10.0,5.0,2.0,3.0,0.0,0.0,20231028.0,Premier League
2023-10-28,2023/24,Arsenal,Sheffield United,H,1.0,0.0,H,T Robinson,13.0,2.0,8.0,0.0,9.0,13.0,6.0,1.0,0.0,3.0,0.0,0.0,20231028.0,Premier League
2023-10-28,2023/24,Chelsea,Brentford,A,0.0,0.0,D,S Hooper,17.0,7.0,2.0,5.0,12.0,7.0,10.0,1.0,1.0,4.0,0.0,0.0,20231028.0,Premier League
2023-10-28,2023/24,Wolves,Newcastle,D,1.0,2.0,A,A Taylor,11.0,13.0,6.0,5.0,13.0,15.0,8.0,7.0,1.0,4.0,0.0,0.0,20231028.0,Premier League
2023-10-27,2023/24,Crystal Palace,Tottenham,A,0.0,0.0,D,A Madley,13.0,10.0,3.0,1.0,19.0,11.0,11.0,2.0,2.0,1.0,0.0,0.0,20231027.0,Premier League
2023-10-23,2023/24,Tottenham,Fulham,H,1.0,0.0,H,A Taylor,15.0,10.0,5.0,3.0,10.0,14.0,3.0,5.0,2.0,0.0,0.0,0.0,20231023.0,Premier League
2023-10-22,2023/24,Aston Villa,West Ham,H,1.0,0.0,H,D Coote,15.0,14.0,7.0,4.0,9.0,15.0,8.0,7.0,0.0,1.0,0.0,0.0,20231022.0,Premier League
2023-10-21,2023/24,Man City,Brighton,H,2.0,0.0,H,R Jones,10.0,5.0,6.0,3.0,9.0,11.0,2.0,2.0,2.0,2.0,1.0,0.0,20231021.0,Premier League
2023-10-21,2023/24,Bournemouth,Wolves,A,1.0,0.0,H,P Tierney,7.0,20.0,4.0,7.0,15.0,10.0,3.0,12.0,2.0,6.0,1.0,0.0,20231021.0,Premier League
2023-10-21,2023/24,Brentford,Burnley,H,1.0,0.0,H,J Smith,23.0,6.0,10.0,1.0,14.0,12.0,5.0,5.0,5.0,2.0,0.0,1.0,20231021.0,Premier League
2023-10-21,2023/24,Sheffield United,Man United,A,1.0,1.0,D,M Oliver,12.0,14.0,6.0,5.0,12.0,10.0,5.0,4.0,3.0,1.0,0.0,0.0,20231021.0,Premier League
2023-10-21,2023/24,Nott'm Forest,Luton,D,0.0,0.0,D,S Barrott,19.0,13.0,8.0,4.0,12.0,11.0,4.0,2.0,3.0,0.0,0.0,0.0,20231021.0,Premier League
2023-10-21,2023/24,Chelsea,Arsenal,D,1.0,0.0,H,C Kavanagh,11.0,13.0,5.0,3.0,7.0,14.0,2.0,7.0,3.0,3.0,0.0,0.0,20231021.0,Premier League
2023-10-21,2023/24,Liverpool,Everton,H,0.0,0.0,D,C Pawson,26.0,6.0,6.0,1.0,9.0,9.0,12.0,4.0,1.0,1.0,0.0,1.0,20231021.0,Premier League
2023-10-21,2023/24,Newcastle,Crystal Palace,H,3.0,0.0,H,T Robinson,10.0,17.0,7.0,3.0,7.0,12.0,6.0,8.0,2.0,3.0,0.0,0.0,20231021.0,Premier League
2023-10-08,2023/24,Brighton,Liverpool,D,1.0,2.0,A,A Taylor,14.0,14.0,3.0,4.0,12.0,20.0,8.0,1.0,1.0,2.0,0.0,0.0,20231008.0,Premier League
2023-10-08,2023/24,Wolves,Aston Villa,D,0.0,0.0,D,R Jones,8.0,18.0,3.0,4.0,19.0,9.0,2.0,10.0,2.0,2.0,1.0,0.0,20231008.0,Premier League
2023-10-08,2023/24,Arsenal,Man City,H,0.0,0.0,D,M Oliver,12.0,4.0,2.0,1.0,8.0,7.0,5.0,4.0,2.0,3.0,0.0,0.0,20231008.0,Premier League
2023-10-08,2023/24,West Ham,Newcastle,D,1.0,0.0,H,P Bankes,5.0,10.0,3.0,3.0,11.0,18.0,4.0,2.0,3.0,3.0,0.0,0.0,20231008.0,Premier League
2023-10-07,2023/24,Crystal Palace,Nott'm Forest,D,0.0,0.0,D,C Pawson,8.0,16.0,2.0,5.0,7.0,12.0,3.0,7.0,0.0,1.0,0.0,0.0,20231007.0,Premier League
2023-10-07,2023/24,Luton,Tottenham,A,0.0,0.0,D,J Brooks,12.0,15.0,2.0,4.0,16.0,7.0,5.0,6.0,2.0,1.0,0.0,1.0,20231007.0,Premier League
2023-10-07,2023/24,Fulham,Sheffield United,H,0.0,0.0,D,S Barrott,20.0,5.0,6.0,2.0,8.0,10.0,9.0,4.0,1.0,2.0,0.0,0.0,20231007.0,Premier League
2023-10-07,2023/24,Everton,Bournemouth,H,2.0,0.0,H,D Coote,25.0,11.0,8.0,4.0,14.0,15.0,8.0,7.0,1.0,2.0,0.0,0.0,20231007.0,Premier League
2023-10-07,2023/24,Burnley,Chelsea,A,1.0,1.0,D,S Attwell,10.0,9.0,3.0,5.0,11.0,8.0,7.0,3.0,2.0,4.0,0.0,0.0,20231007.0,Premier League
2023-10-07,2023/24,Man United,Brentford,H,0.0,1.0,A,A Madley,21.0,11.0,8.0,3.0,10.0,17.0,7.0,5.0,0.0,5.0,0.0,0.0,20231007.0,Premier League
2023-10-03,2023/24,Luton,Burnley,A,0.0,1.0,A,P Bankes,18.0,14.0,3.0,4.0,14.0,6.0,7.0,6.0,4.0,2.0,0.0,0.0,20231003.0,Premier League
2023-10-02,2023/24,Fulham,Chelsea,A,0.0,2.0,A,T Robinson,10.0,11.0,3.0,4.0,15.0,12.0,8.0,1.0,1.0,4.0,0.0,0.0,20231002.0,Premier League
2023-10-01,2023/24,Nott'm Forest,Brentford,D,0.0,0.0,D,P Tierney,6.0,18.0,1.0,5.0,6.0,10.0,1.0,11.0,1.0,2.0,1.0,0.0,20231001.0,Premier League
2023-09-30,2023/24,Bournemouth,Arsenal,A,0.0,2.0,A,M Salisbury,8.0,15.0,1.0,8.0,11.0,10.0,6.0,6.0,0.0,1.0,0.0,0.0,20230930.0,Premier League
2023-09-30,2023/24,Everton,Luton,A,1.0,2.0,A,A Taylor,23.0,9.0,5.0,2.0,8.0,10.0,3.0,6.0,0.0,1.0,0.0,0.0,20230930.0,Premier League
2023-09-30,2023/24,Newcastle,Burnley,H,1.0,0.0,H,T Bramall,20.0,8.0,8.0,2.0,7.0,15.0,5.0,3.0,1.0,3.0,0.0,0.0,20230930.0,Premier League
2023-09-30,2023/24,West Ham,Sheffield United,H,2.0,0.0,H,G Scott,20.0,16.0,9.0,2.0,6.0,9.0,7.0,4.0,1.0,1.0,0.0,0.0,20230930.0,Premier League
2023-09-30,2023/24,Aston Villa,Brighton,H,3.0,0.0,H,A Madley,19.0,11.0,9.0,3.0,19.0,21.0,1.0,3.0,4.0,4.0,0.0,0.0,20230930.0,Premier League
2023-09-30,2023/24,Wolves,Man City,H,1.0,0.0,H,C Pawson,3.0,23.0,1.0,8.0,18.0,12.0,0.0,6.0,5.0,4.0,0.0,0.0,20230930.0,Premier League
2023-09-30,2023/24,Tottenham,Liverpool,H,1.0,1.0,D,S Hooper,24.0,12.0,8.0,4.0,11.0,17.0,12.0,5.0,5.0,4.0,0.0,2.0,20230930.0,Premier League
2023-09-30,2023/24,Man United,Crystal Palace,A,0.0,1.0,A,C Kavanagh,19.0,8.0,4.0,2.0,10.0,8.0,10.0,4.0,3.0,2.0,0.0,0.0,20230930.0,Premier League
2023-09-24,2023/24,Liverpool,West Ham,H,1.0,1.0,D,C Kavanagh,22.0,11.0,7.0,4.0,12.0,13.0,7.0,4.0,0.0,2.0,0.0,0.0,20230924.0,Premier League
2023-09-24,2023/24,Chelsea,Aston Villa,A,0.0,0.0,D,J Gillett,10.0,15.0,4.0,7.0,9.0,11.0,5.0,11.0,2.0,3.0,0.0,0.0,20230924.0,Premier League
2023-09-24,2023/24,Arsenal,Tottenham,D,1.0,1.0,D,R Jones,13.0,13.0,6.0,5.0,12.0,19.0,11.0,4.0,3.0,4.0,0.0,0.0,20230924.0,Premier League
2023-09-24,2023/24,Brighton,Bournemouth,H,1.0,1.0,D,J Brooks,13.0,12.0,4.0,4.0,12.0,17.0,4.0,4.0,3.0,3.0,0.0,0.0,20230924.0,Premier League
2023-09-24,2023/24,Sheffield United,Newcastle,A,0.0,3.0,A,S Attwell,9.0,22.0,1.0,15.0,12.0,8.0,2.0,6.0,3.0,0.0,0.0,0.0,20230924.0,Premier League
2023-09-23,2023/24,Man City,Nott'm Forest,H,2.0,0.0,H,A Taylor,7.0,10.0,4.0,3.0,5.0,17.0,6.0,6.0,3.0,7.0,1.0,0.0,20230923.0,Premier League
2023-09-23,2023/24,Brentford,Everton,A,1.0,1.0,D,M Oliver,12.0,18.0,2.0,6.0,9.0,12.0,1.0,4.0,2.0,2.0,0.0,0.0,20230923.0,Premier League
2023-09-23,2023/24,Luton,Wolves,D,0.0,0.0,D,J Smith,20.0,3.0,4.0,3.0,12.0,17.0,10.0,1.0,0.0,2.0,0.0,1.0,20230923.0,Premier League
2023-09-23,2023/24,Crystal Palace,Fulham,D,0.0,0.0,D,P Tierney,7.0,10.0,3.0,5.0,10.0,15.0,3.0,2.0,3.0,2.0,0.0,0.0,20230923.0,Premier League
2023-09-23,2023/24,Burnley,Man United,A,0.0,1.0,A,T Harrington,12.0,11.0,4.0,4.0,6.0,12.0,9.0,5.0,1.0,2.0,0.0,0.0,20230923.0,Premier League
2023-09-18,2023/24,Nott'm Forest,Burnley,D,0.0,1.0,A,R Jones,14.0,10.0,4.0,3.0,16.0,10.0,5.0,4.0,2.0,3.0,0.0,1.0,20230918.0,Premier League
2023-09-17,2023/24,Bournemouth,Chelsea,D,0.0,0.0,D,D Coote,13.0,14.0,4.0,6.0,15.0,20.0,1.0,7.0,1.0,5.0,0.0,0.0,20230917.0,Premier League
2023-09-17,2023/24,Everton,Arsenal,A,0.0,0.0,D,S Hooper,8.0,13.0,1.0,4.0,12.0,10.0,1.0,11.0,1.0,1.0,0.0,0.0,20230917.0,Premier League
2023-09-16,2023/24,Wolves,Liverpool,A,1.0,0.0,H,M Oliver,11.0,16.0,2.0,6.0,10.0,4.0,4.0,4.0,1.0,3.0,0.0,0.0,20230916.0,Premier League
2023-09-16,2023/24,West Ham,Man City,A,1.0,0.0,H,A Madley,6.0,29.0,3.0,15.0,7.0,11.0,4.0,11.0,3.0,2.0,0.0,0.0,20230916.0,Premier League
2023-09-16,2023/24,Aston Villa,Crystal Palace,H,0.0,0.0,D,D England,16.0,6.0,5.0,3.0,13.0,9.0,4.0,2.0,5.0,3.0,0.0,0.0,20230916.0,Premier League
2023-09-16,2023/24,Fulham,Luton,H,0.0,0.0,D,M Salisbury,13.0,7.0,2.0,2.0,6.0,14.0,6.0,2.0,2.0,2.0,0.0,0.0,20230916.0,Premier League
2023-09-16,2023/24,Man United,Brighton,A,0.0,1.0,A,J Gillett,14.0,10.0,4.0,8.0,8.0,9.0,8.0,1.0,2.0,2.0,0.0,0.0,20230916.0,Premier League
2023-09-16,2023/24,Tottenham,Sheffield United,H,0.0,0.0,D,P Bankes,28.0,7.0,10.0,5.0,13.0,14.0,15.0,2.0,6.0,5.0,0.0,1.0,20230916.0,Premier League
2023-09-16,2023/24,Newcastle,Brentford,H,0.0,0.0,D,C Pawson,9.0,11.0,2.0,2.0,8.0,12.0,8.0,3.0,3.0,5.0,0.0,0.0,20230916.0,Premier League
2023-09-03,2023/24,Crystal Palace,Wolves,H,0.0,0.0,D,R Jones,16.0,12.0,11.0,4.0,12.0,12.0,4.0,2.0,1.0,3.0,0.0,0.0,20230903.0,Premier League
2023-09-03,2023/24,Liverpool,Aston Villa,H,2.0,0.0,H,S Hooper,17.0,9.0,4.0,3.0,12.0,7.0,7.0,3.0,0.0,1.0,0.0,0.0,20230903.0,Premier League
2023-09-03,2023/24,Arsenal,Man United,H,1.0,1.0,D,A Taylor,17.0,10.0,5.0,2.0,8.0,7.0,12.0,3.0,2.0,3.0,0.0,0.0,20230903.0,Premier League
2023-09-02,2023/24,Burnley,Tottenham,A,1.0,2.0,A,D England,16.0,20.0,4.0,10.0,15.0,9.0,7.0,4.0,4.0,3.0,0.0,0.0,20230902.0,Premier League
2023-09-02,2023/24,Man City,Fulham,H,2.0,1.0,H,M Oliver,7.0,6.0,5.0,4.0,12.0,12.0,4.0,5.0,2.0,4.0,0.0,0.0,20230902.0,Premier League
2023-09-02,2023/24,Brighton,Newcastle,H,1.0,0.0,H,S Attwell,15.0,9.0,6.0,2.0,14.0,17.0,5.0,3.0,4.0,4.0,0.0,0.0,20230902.0,Premier League
2023-09-02,2023/24,Chelsea,Nott'm Forest,A,0.0,0.0,D,T Robinson,21.0,7.0,2.0,3.0,10.0,9.0,8.0,0.0,3.0,4.0,0.0,0.0,20230902.0,Premier League
2023-09-02,2023/24,Brentford,Bournemouth,D,1.0,1.0,D,R Madley,21.0,12.0,7.0,5.0,6.0,13.0,5.0,2.0,1.0,2.0,0.0,0.0,20230902.0,Premier League
2023-09-02,2023/24,Sheffield United,Everton,D,2.0,1.0,H,A Madley,13.0,16.0,8.0,6.0,11.0,13.0,4.0,6.0,1.0,2.0,0.0,0.0,20230902.0,Premier League
2023-09-01,2023/24,Luton,West Ham,A,0.0,1.0,A,P Tierney,16.0,9.0,1.0,3.0,8.0,13.0,9.0,6.0,1.0,1.0,0.0,0.0,20230901.0,Premier League
2023-08-27,2023/24,Sheffield United,Man City,A,0.0,0.0,D,J Gillett,6.0,30.0,2.0,9.0,11.0,2.0,1.0,12.0,3.0,0.0,0.0,0.0,20230827.0,Premier League
2023-08-27,2023/24,Newcastle,Liverpool,A,1.0,0.0,H,J Brooks,23.0,9.0,8.0,4.0,16.0,10.0,5.0,9.0,1.0,2.0,0.0,1.0,20230827.0,Premier League
2023-08-27,2023/24,Burnley,Aston Villa,A,0.0,2.0,A,M Salisbury,9.0,16.0,2.0,6.0,12.0,11.0,4.0,6.0,2.0,0.0,0.0,0.0,20230827.0,Premier League
2023-08-26,2023/24,Man United,Nott'm Forest,H,1.0,2.0,A,S Attwell,18.0,9.0,9.0,4.0,13.0,11.0,11.0,3.0,4.0,4.0,0.0,1.0,20230826.0,Premier League
2023-08-26,2023/24,Brighton,West Ham,A,0.0,1.0,A,A Taylor,25.0,12.0,10.0,3.0,10.0,9.0,17.0,4.0,1.0,3.0,0.0,0.0,20230826.0,Premier League
2023-08-26,2023/24,Brentford,Crystal Palace,D,1.0,0.0,H,P Bankes,12.0,15.0,1.0,5.0,9.0,15.0,8.0,6.0,0.0,0.0,0.0,0.0,20230826.0,Premier League
2023-08-26,2023/24,Arsenal,Fulham,D,0.0,1.0,A,P Tierney,19.0,8.0,11.0,3.0,6.0,5.0,8.0,3.0,0.0,3.0,0.0,1.0,20230826.0,Premier League
2023-08-26,2023/24,Bournemouth,Tottenham,A,0.0,1.0,A,T Robinson,11.0,17.0,3.0,6.0,18.0,11.0,6.0,2.0,1.0,3.0,0.0,0.0,20230826.0,Premier League
2023-08-26,2023/24,Everton,Wolves,A,0.0,0.0,D,C Pawson,15.0,11.0,7.0,2.0,10.0,14.0,7.0,0.0,3.0,4.0,0.0,0.0,20230826.0,Premier League
2023-08-25,2023/24,Chelsea,Luton,H,1.0,0.0,H,R Jones,19.0,11.0,8.0,1.0,15.0,12.0,6.0,4.0,2.0,3.0,0.0,0.0,20230825.0,Premier League
2023-08-21,2023/24,Crystal Palace,Arsenal,A,0.0,0.0,D,D Coote,14.0,14.0,2.0,3.0,14.0,10.0,1.0,8.0,2.0,1.0,0.0,1.0,20230821.0,Premier League
2023-08-20,2023/24,West Ham,Chelsea,H,1.0,1.0,D,J Brooks,12.0,17.0,6.0,4.0,12.0,9.0,3.0,9.0,2.0,3.0,1.0,0.0,20230820.0,Premier League
2023-08-20,2023/24,Aston Villa,Everton,H,2.0,0.0,H,A Taylor,13.0,9.0,7.0,2.0,8.0,12.0,7.0,6.0,3.0,4.0,0.0,0.0,20230820.0,Premier League
2023-08-19,2023/24,Liverpool,Bournemouth,H,2.0,1.0,H,T Bramall,26.0,13.0,10.0,5.0,11.0,13.0,10.0,2.0,1.0,3.0,1.0,0.0,20230819.0,Premier League
2023-08-19,2023/24,Wolves,Brighton,A,0.0,1.0,A,A Madley,16.0,16.0,5.0,8.0,14.0,11.0,5.0,3.0,3.0,6.0,1.0,0.0,20230819.0,Premier League
2023-08-19,2023/24,Man City,Newcastle,H,1.0,0.0,H,R Jones,14.0,7.0,4.0,1.0,12.0,11.0,3.0,0.0,1.0,5.0,0.0,0.0,20230819.0,Premier League
2023-08-19,2023/24,Fulham,Brentford,A,0.0,1.0,A,D Bond,10.0,17.0,2.0,8.0,13.0,12.0,5.0,5.0,2.0,2.0,1.0,0.0,20230819.0,Premier League
2023-08-19,2023/24,Tottenham,Man United,H,0.0,0.0,D,M Oliver,17.0,22.0,6.0,6.0,9.0,8.0,5.0,6.0,1.0,3.0,0.0,0.0,20230819.0,Premier League
2023-08-18,2023/24,Nott'm Forest,Sheffield United,H,1.0,0.0,H,P Bankes,16.0,7.0,4.0,3.0,5.0,9.0,6.0,7.0,2.0,3.0,0.0,0.0,20230818.0,Premier League
2023-08-14,2023/24,Man United,Wolves,H,0.0,0.0,D,S Hooper,15.0,23.0,3.0,6.0,14.0,10.0,8.0,7.0,2.0,3.0,0.0,0.0,20230814.0,Premier League
2023-08-13,2023/24,Brentford,Tottenham,D,2.0,2.0,D,R Jones,11.0,18.0,6.0,6.0,12.0,13.0,3.0,6.0,1.0,4.0,0.0,0.0,20230813.0,Premier League
2023-08-13,2023/24,Chelsea,Liverpool,D,1.0,1.0,D,A Taylor,10.0,13.0,4.0,1.0,5.0,12.0,4.0,4.0,3.0,3.0,0.0,0.0,20230813.0,Premier League
2023-08-12,2023/24,Bournemouth,West Ham,D,0.0,0.0,D,P Bankes,14.0,16.0,5.0,3.0,9.0,14.0,10.0,4.0,1.0,4.0,0.0,0.0,20230812.0,Premier League
2023-08-12,2023/24,Sheffield United,Crystal Palace,A,0.0,0.0,D,J Brooks,8.0,24.0,1.0,8.0,18.0,11.0,5.0,5.0,3.0,0.0,0.0,0.0,20230812.0,Premier League
2023-08-12,2023/24,Arsenal,Nott'm Forest,H,2.0,0.0,H,M Oliver,15.0,6.0,7.0,2.0,12.0,12.0,8.0,3.0,2.0,2.0,0.0,0.0,20230812.0,Premier League
2023-08-12,2023/24,Brighton,Luton,H,1.0,0.0,H,D Coote,27.0,9.0,12.0,3.0,11.0,12.0,6.0,7.0,2.0,2.0,0.0,0.0,20230812.0,Premier League
2023-08-12,2023/24,Newcastle,Aston Villa,H,2.0,1.0,H,A Madley,17.0,16.0,13.0,6.0,12.0,17.0,6.0,5.0,4.0,4.0,0.0,0.0,20230812.0,Premier League
2023-08-12,2023/24,Everton,Fulham,A,0.0,0.0,D,S Attwell,19.0,9.0,9.0,2.0,12.0,6.0,10.0,4.0,0.0,2.0,0.0,0.0,20230812.0,Premier League
2023-08-11,2023/24,Burnley,Man City,A,0.0,2.0,A,C Pawson,6.0,17.0,1.0,8.0,11.0,8.0,6.0,5.0,0.0,0.0,1.0,0.0,20230811.0,Premier League
